id,name,colour,brandName,imageUrl
202940639,ASOS DESIGN ladder detail beach maxi skirt in cobalt blue,BLUE,ASOS DESIGN,https://images.asos-media.com/products/asos-design-ladder-detail-beach-maxi-skirt-in-cobalt-blue/202940639-1-blue
203037253,Topshop mesh high neck one shoulder top in black,black,Topshop,https://images.asos-media.com/products/topshop-mesh-high-neck-one-shoulder-top-in-black/203037253-1-black
203316647,ASOS Weekend Collective sweatpants with hotfix monogram in black,Black,ASOS WEEKEND COLLECTIVE,https://images.asos-media.com/products/asos-weekend-collective-sweatpants-with-hotfix-monogram-in-black/203316647-1-black
203784642,Topshop Premium Limited Edition extended shoulder blazer in black,Black,Topshop,https://images.asos-media.com/products/topshop-premium-limited-edition-extended-shoulder-blazer-in-black/203784642-1-black
203784689,Topshop Curve Premium Limited Edition flared pants in blue,BLUE,Topshop,https://images.asos-media.com/products/topshop-curve-premium-limited-edition-flared-pants-in-blue/203784689-1-blue
203939059,ASOS DESIGN embellished wrap front tulle skirt midaxi dress with floral detail in lilac,Lilac,ASOS DESIGN,https://images.asos-media.com/products/asos-design-embellished-wrap-front-tulle-skirt-midaxi-dress-with-floral-detail-in-lilac/203939059-1-lilac
204337146,Topshop channeled chuck on mini dress in red rose print,Multi,Topshop,https://images.asos-media.com/products/topshop-channeled-chuck-on-mini-dress-in-red-rose-print/204337146-1-multi
205157816,ASOS LUXE pearl embellished wide leg belted pants in blush pink,Pink,ASOS LUXE,https://images.asos-media.com/products/asos-luxe-pearl-embellished-wide-leg-belted-pants-in-blush-pink/205157816-1-pink
205534599,Nike fitted baby T-shirt in white,Black,Nike,https://images.asos-media.com/products/nike-fitted-baby-t-shirt-in-white/205534599-1-black
205537281,Nike One Training Dri-Fit stitch detail ribbed tank top in purple,Gray,Nike Training,https://images.asos-media.com/products/nike-one-training-dri-fit-stitch-detail-ribbed-tank-top-in-purple/205537281-1-grey
205563610,ASOS DESIGN knitted tank top with high halter neck in white,WHITE,ASOS DESIGN,https://images.asos-media.com/products/asos-design-knitted-tank-top-with-high-halter-neck-in-white/205563610-1-white
205572257,ASOS DESIGN soft tailored jeans in dark blue,Dark blue,ASOS DESIGN,https://images.asos-media.com/products/asos-design-soft-tailored-jeans-in-dark-blue/205572257-1-darkblue
205580017,COLLUSION lettuce hem knitted tank top in blue,BLUE,Collusion,https://images.asos-media.com/products/collusion-lettuce-hem-knitted-tank-top-in-blue/205580017-1-blue
205606341,ASOS DESIGN crochet swing tiered mini dress in cream,CREAM,ASOS DESIGN,https://images.asos-media.com/products/asos-design-crochet-swing-tiered-mini-dress-in-cream/205606341-1-cream
205665887,Topshop jacquard maxi slip dress in mono polka dot,black,Topshop,https://images.asos-media.com/products/topshop-jacquard-maxi-slip-dress-in-mono-polka-dot/205665887-1-black
205683941,River Island midi sweater dress in cream,Black,River Island,https://images.asos-media.com/products/river-island-midi-sweater-dress-in-cream/205683941-1-black
205685061,Topshop halter neck mini dress in black,black,Topshop,https://images.asos-media.com/products/topshop-halter-neck-mini-dress-in-black/205685061-1-black
205690482,ASOS DESIGN Curve long sleeve ruffle maxi dress with lace inserts in mono floral print,Mono floral,ASOS Curve,https://images.asos-media.com/products/asos-design-curve-long-sleeve-ruffle-maxi-dress-with-lace-inserts-in-mono-floral-print/205690482-1-monofloral
205709228,Topshop knit crochet shell suit vest in stone,STONE,Topshop,https://images.asos-media.com/products/topshop-knit-crochet-shell-suit-vest-in-stone/205709228-1-stone
205747525,Miss Selfridge lace wide sleeve maxi kimono in black,Black,Miss Selfridge,https://images.asos-media.com/products/miss-selfridge-lace-wide-sleeve-maxi-kimono-in-black/205747525-1-black
205754198,ASOS DESIGN racer neck Crosshatch linen look jumpsuit in almond,Almond,ASOS DESIGN,https://images.asos-media.com/products/asos-design-racer-neck-crosshatch-linen-look-jumpsuit-in-almond/205754198-1-almond
205764987,Topshop soft touch twist low rise maxi skirt in sand,Sand,Topshop,https://images.asos-media.com/products/topshop-soft-touch-twist-low-rise-maxi-skirt-in-sand/205764987-1-sand
205765643,ASOS DESIGN tailored bomber jacket with clean hem in navy,Navy,ASOS DESIGN,https://images.asos-media.com/products/asos-design-tailored-bomber-jacket-with-clean-hem-in-navy/205765643-1-navy
205767010,Miss Selfridge stripe crochet maxi dress in multi,Multi,Miss Selfridge,https://images.asos-media.com/products/miss-selfridge-stripe-crochet-maxi-dress-in-multi/205767010-1-multi
205767967,Miss Selfridge textured tiered maxi slip dress in soft pink,Soft Pink,Miss Selfridge,https://images.asos-media.com/products/miss-selfridge-textured-tiered-maxi-slip-dress-in-soft-pink/205767967-1-softpink
205768138,Miss Selfridge linen mix stripe pull on tapered pants in natural,Stone,Miss Selfridge,https://images.asos-media.com/products/miss-selfridge-linen-mix-stripe-pull-on-tapered-pants-in-natural/205768138-1-stone
205768889,Miss Selfridge poplin shirred puffball mini dress in cream spot,Cream,Miss Selfridge,https://images.asos-media.com/products/miss-selfridge-poplin-shirred-puffball-mini-dress-in-cream-spot/205768889-1-cream
205769741,Miss Selfridge turnback waistband wide leg pants in blue gray - part of a set,Light Gray,Miss Selfridge,https://images.asos-media.com/products/miss-selfridge-turnback-waistband-wide-leg-pants-in-blue-gray-part-of-a-set/205769741-1-lightgrey
205772347,ASOS DESIGN Petite ruched bust maxi sundress with adjustable straps in lime,Lime,ASOS Petite,https://images.asos-media.com/products/asos-design-petite-ruched-bust-maxi-sundress-with-adjustable-straps-in-lime/205772347-1-lime
205780206,Calvin Klein intense power lounge sleep short in charcoal gray,Gray,Calvin Klein,https://images.asos-media.com/products/calvin-klein-intense-power-lounge-sleep-short-in-charcoal-gray/205780206-1-grey
205781268,NA Topshop knit cable crew neck mini dress in ivory,IVORY,Topshop,https://images.asos-media.com/products/na-topshop-knit-cable-crew-neck-mini-dress-in-ivory/205781268-1-ivory
205794589,ASOS DESIGN chino pants in stone,Stone,ASOS DESIGN,https://images.asos-media.com/products/asos-design-chino-pants-in-stone/205794589-1-stone
205800734,ASOS DESIGN Curve wrap front ruffle maxi dress with high split detail in abstract print,Abstract print,ASOS Curve,https://images.asos-media.com/products/asos-design-curve-wrap-front-ruffle-maxi-dress-with-high-split-detail-in-abstract-print/205800734-1-abstractprint
205823211,ASOS DESIGN Petite knit tank with sporty tipping in blue,BLUE,ASOS Petite,https://images.asos-media.com/products/asos-design-petite-knit-tank-with-sporty-tipping-in-blue/205823211-1-blue
205823236,ASOS DESIGN knit tank with sporty tipping in white,WHITE,ASOS DESIGN,https://images.asos-media.com/products/asos-design-knit-tank-with-sporty-tipping-in-white/205823236-1-white
205826143,ASOS 4505 Maternity Icon seamless rib gym legging in black,Black,ASOS 4505,https://images.asos-media.com/products/asos-4505-maternity-icon-seamless-rib-gym-legging-in-black/205826143-1-black
205853721,Tommy Jeans ultra high slim mom jeans in mid wash,Mid Wash,Tommy Jeans,https://images.asos-media.com/products/tommy-jeans-ultra-high-slim-mom-jeans-in-mid-wash/205853721-1-midwash
205854265,Tommy Jeans cropped slogan ringer T-shirt in white,white,Tommy Jeans,https://images.asos-media.com/products/tommy-jeans-cropped-slogan-ringer-t-shirt-in-white/205854265-1-white
205872375,Pretty Lavish cut-out cotton mini dress in cream,Cream,Pretty Lavish,https://images.asos-media.com/products/pretty-lavish-cut-out-cotton-mini-dress-in-cream/205872375-1-cream
205881893,ASOS DESIGN Curve v neck with channeled waist maxi dress in black,Black,ASOS Curve,https://images.asos-media.com/products/asos-design-curve-v-neck-with-channeled-waist-maxi-dress-in-black/205881893-1-black
205884043,ASOS DESIGN sleeveless ribbed bodice with full hem maxi dress in washed navy,Washed Navy,ASOS DESIGN,https://images.asos-media.com/products/asos-design-sleeveless-ribbed-bodice-with-full-hem-maxi-dress-in-washed-navy/205884043-1-washednavy
205887740,ASOS Weekend Collective logo elastic waistband short in blue and white stripe,Blue & white,ASOS WEEKEND COLLECTIVE,https://images.asos-media.com/products/asos-weekend-collective-logo-elastic-waistband-short-in-blue-and-white-stripe/205887740-1-bluewhite
205902156,Miss Selfridge crochet fringe maxi dress in cream,CREAM,Miss Selfridge,https://images.asos-media.com/products/miss-selfridge-crochet-fringe-maxi-dress-in-cream/205902156-1-cream
205915254,Pretty Lavish multiway cross over ruffle midaxi dress in black,Black,Pretty Lavish,https://images.asos-media.com/products/pretty-lavish-multiway-cross-over-ruffle-midaxi-dress-in-black/205915254-1-black
205915386,Pretty Lavish halter ruffle maxi dress in cream,CREAM,Pretty Lavish,https://images.asos-media.com/products/pretty-lavish-halter-ruffle-maxi-dress-in-cream/205915386-1-lemon
205915662,COLLUSION embroidered chiffon asymmetric mini dress in stone,STONE,Collusion,https://images.asos-media.com/products/collusion-embroidered-chiffon-asymmetric-mini-dress-in-stone/205915662-1-stone
205915844,Pretty Lavish utility romper in beige,Beige,Pretty Lavish,https://images.asos-media.com/products/pretty-lavish-utility-romper-in-beige/205915844-1-beige
205915950,Pretty Lavish linen look ruched front mini dress in cream,Cream,Pretty Lavish,https://images.asos-media.com/products/pretty-lavish-linen-look-ruched-front-mini-dress-in-cream/205915950-1-cream
205917141,Miss Selfridge beach crochet fringe detail bandeau maxi dress in cream,CREAM,Miss Selfridge,https://images.asos-media.com/products/miss-selfridge-beach-crochet-fringe-detail-bandeau-maxi-dress-in-cream/205917141-1-cream
205917656,ASOS DESIGN linen look halter top with eyelet detail in white,White,ASOS DESIGN,https://images.asos-media.com/products/asos-design-linen-look-halter-top-with-eyelet-detail-in-white/205917656-1-white
205939906,ASOS DESIGN cami mini dress with ruching bust detailing in rust,RUST,ASOS DESIGN,https://images.asos-media.com/products/asos-design-cami-mini-dress-with-ruching-bust-detailing-in-rust/205939906-1-rust
205940395,4th & Reckless Plus exclusive boucle embossed NY logo sweatpants in cream - part of a set,CREAM,4th & Reckless Plus,https://images.asos-media.com/products/4th-reckless-plus-exclusive-boucle-embossed-ny-logo-sweatpants-in-cream-part-of-a-set/205940395-1-cream
205940412,4th & Reckless Plus exclusive embossed boucle 4th Avenue NY logo sweatshirt in cream - part of a set,CREAM,4th & Reckless Plus,https://images.asos-media.com/products/4th-reckless-plus-exclusive-embossed-boucle-4th-avenue-ny-logo-sweatshirt-in-cream-part-of-a-set/205940412-1-cream
205940439,4th & Reckless embossed boucle NY logo sweatpants in cream - part of a set,CREAM,4th & Reckless,https://images.asos-media.com/products/4th-reckless-embossed-boucle-ny-logo-sweatpants-in-cream-part-of-a-set/205940439-1-cream
205940490,4th & Reckless embossed boucle 4th Avenue NY sweatshirt in cream - part of a set,CREAM,4th & Reckless,https://images.asos-media.com/products/4th-reckless-embossed-boucle-4th-avenue-ny-sweatshirt-in-cream-part-of-a-set/205940490-1-cream
205941741,ASOS DESIGN heavyweight collar sweatshirt in beige acid wash,ACID WASH BEIGE,ASOS DESIGN,https://images.asos-media.com/products/asos-design-heavyweight-collar-sweatshirt-in-beige-acid-wash/205941741-1-acidwashbeige
205942204,Topshop sleeveless high slit column maxi dress in blue stripe print,blue,Topshop,https://images.asos-media.com/products/topshop-sleeveless-high-slit-column-maxi-dress-in-blue-stripe-print/205942204-1-blue
205959884,Reclaimed Vintage cinched waist shirt with shirring and tie detail,beige,Reclaimed Vintage,https://images.asos-media.com/products/reclaimed-vintage-cinched-waist-shirt-with-shirring-and-tie-detail/205959884-1-beige
205961234,ASOS DESIGN knit moss stitch baby tee with contrast trims in black and cream,Black / Cream,ASOS DESIGN,https://images.asos-media.com/products/asos-design-knit-moss-stitch-baby-tee-with-contrast-trims-in-black-and-cream/205961234-1-blackcream
205971616,COLLUSION satin lace mix deconstructed cami top in ivory,IVORY,Collusion,https://images.asos-media.com/products/collusion-satin-lace-mix-deconstructed-cami-top-in-ivory/205971616-1-ivory
205971646,COLLUSION sheer asymmetric cami top with lace detail in neutral,NEUTRAL,Collusion,https://images.asos-media.com/products/collusion-sheer-asymmetric-cami-top-with-lace-detail-in-neutral/205971646-1-neutral
205976018,COLLUSION fitted corset shirt with cap sleeves in white,WHITE,Collusion,https://images.asos-media.com/products/collusion-fitted-corset-shirt-with-cap-sleeves-in-white/205976018-1-white
205977830,ASOS DESIGN square neck seamed tennis jumpsuit in oatmeal,Oatmeal,ASOS DESIGN,https://images.asos-media.com/products/asos-design-square-neck-seamed-tennis-jumpsuit-in-oatmeal/205977830-1-oatmeal
206015244,JDY boxy T-shirt in black,Black,JDY,https://images.asos-media.com/products/jdy-boxy-t-shirt-in-black/206015244-1-black
206017624,ASOS DESIGN Curve double cloth trapeze mini dress in sea blue,Sea blue,ASOS Curve,https://images.asos-media.com/products/asos-design-curve-double-cloth-trapeze-mini-dress-in-sea-blue/206017624-1-seablue
206023298,Topshop Baggy jeans in sunshine dirty bleach,Light Blue,Topshop,https://images.asos-media.com/products/topshop-baggy-jeans-in-sunshine-dirty-bleach/206023298-1-lightblue
206029144,Anaya tie back tiered cami midaxi dress in blue,Blue,Anaya,https://images.asos-media.com/products/anaya-tie-back-tiered-cami-midaxi-dress-in-blue/206029144-1-blue
206029260,ASOS DESIGN v-neck cuffed short sleeve mini dress with embroidery in pink,PINK,ASOS DESIGN,https://images.asos-media.com/products/asos-design-v-neck-cuffed-short-sleeve-mini-dress-with-embroidery-in-pink/206029260-1-pink
206029306,Anaya halter neck high-low ruffle midaxi dress in pink,Pink,Anaya,https://images.asos-media.com/products/anaya-halter-neck-high-low-ruffle-midaxi-dress-in-pink/206029306-1-pink
206029636,Anaya wrap front open back midaxi dress in soft blue,Soft Blue,Anaya,https://images.asos-media.com/products/anaya-wrap-front-open-back-midaxi-dress-in-soft-blue/206029636-1-softblue
206031645,Anaya Plus wrap front open back midaxi dress in soft blue,Soft Blue,Anaya Plus,https://images.asos-media.com/products/anaya-plus-wrap-front-open-back-midaxi-dress-in-soft-blue/206031645-1-softblue
206031874,Anaya Petite twist tulle maxi dress in soft blue,Soft Blue,Anaya Petite,https://images.asos-media.com/products/anaya-petite-twist-tulle-maxi-dress-in-soft-blue/206031874-1-softblue
206031901,Anaya Petite wrap front open back midaxi dress in soft blue,Soft Blue,Anaya Petite,https://images.asos-media.com/products/anaya-petite-wrap-front-open-back-midaxi-dress-in-soft-blue/206031901-1-softblue
206032096,Anaya Petite bridesmaid tulle one shoulder maxi dress in soft blue,Soft Blue,Anaya Petite,https://images.asos-media.com/products/anaya-petite-bridesmaid-tulle-one-shoulder-maxi-dress-in-soft-blue/206032096-1-softblue
206037694,ASOS DESIGN Kayla mix and match beach shorts in white,White,ASOS DESIGN,https://images.asos-media.com/products/asos-design-kayla-mix-and-match-beach-shorts-in-white/206037694-1-white
206037706,ASOS DESIGN Kayla mix and match long sleeve tie front beach top in white,White,ASOS DESIGN,https://images.asos-media.com/products/asos-design-kayla-mix-and-match-long-sleeve-tie-front-beach-top-in-white/206037706-1-white
206042267,ASOS DESIGN ultra smoothing swimsuit in cobalt,Cobalt,ASOS DESIGN,https://images.asos-media.com/products/asos-design-ultra-smoothing-swimsuit-in-cobalt/206042267-1-cobalt
206057383,ASOS DESIGN shoulder pad column wide leg jumpsuit in oatmeal,Oatmeal,ASOS DESIGN,https://images.asos-media.com/products/asos-design-shoulder-pad-column-wide-leg-jumpsuit-in-oatmeal/206057383-1-oatmeal
206059226,Topshop cami midi dress in black,black,Topshop,https://images.asos-media.com/products/topshop-cami-midi-dress-in-black/206059226-1-black
206095361,ASOS WEEKEND COLLECTIVE oversized denim shirt in acid wash brown,ACID WASH BROWN,ASOS WEEKEND COLLECTIVE,https://images.asos-media.com/products/asos-weekend-collective-oversized-denim-shirt-in-acid-wash-brown/206095361-1-acidwashbrown
206116062,ASOS WEEKEND COLLECTIVE baby tee with barcode logo design in monochrome,MONO,ASOS WEEKEND COLLECTIVE,https://images.asos-media.com/products/asos-weekend-collective-baby-tee-with-barcode-logo-design-in-monochrome/206116062-1-mono
206116080,ASOS Weekend Collective sweatshirt fabric bomber jacket with stacked back logo in ecru,ECRU,ASOS WEEKEND COLLECTIVE,https://images.asos-media.com/products/asos-weekend-collective-sweatshirt-fabric-bomber-jacket-with-stacked-back-logo-in-ecru/206116080-1-ecru
206125607,ASOS DESIGN Petite pull on shorts with tab waistband in orange stripe,Orange stripe,ASOS Petite,https://images.asos-media.com/products/asos-design-petite-pull-on-shorts-with-tab-waistband-in-orange-stripe/206125607-1-orangestripe
206152069,ASOS DESIGN Petite satin cami wrap midaxi dress in pink,PINK,ASOS Petite,https://images.asos-media.com/products/asos-design-petite-satin-cami-wrap-midaxi-dress-in-pink/206152069-1-pink
206152999,ASOS DESIGN Bridal satin one shoulder draped wedding dress in ivory,IVORY,ASOS DESIGN,https://images.asos-media.com/products/asos-design-bridal-satin-one-shoulder-draped-wedding-dress-in-ivory/206152999-1-ivory
206156810,ASOS DESIGN ruched bust mini dress with knot straps in blue & white stripe,Stripe,ASOS DESIGN,https://images.asos-media.com/products/asos-design-ruched-bust-mini-dress-with-knot-straps-in-blue-white-stripe/206156810-1-stripe
206162354,ASOS DESIGN Petite column vest midi dress in gray,Gray,ASOS Petite,https://images.asos-media.com/products/asos-design-petite-column-vest-midi-dress-in-gray/206162354-1-grey
206164348,ASOS EDITION Curve premium longline top in textured jersey in mocha,Mocha,ASOS EDITION,https://images.asos-media.com/products/asos-edition-curve-premium-longline-top-in-textured-jersey-in-mocha/206164348-1-mocha
206170164,ASOS DESIGN double layer slinky high neck long sleeve bodysuit in brown,Brown,ASOS DESIGN,https://images.asos-media.com/products/asos-design-double-layer-slinky-high-neck-long-sleeve-bodysuit-in-brown/206170164-1-brown
206187652,ASOS DESIGN Tall satin bias cut midi skirt in leopard print,Leopard print,ASOS Tall,https://images.asos-media.com/products/asos-design-tall-satin-bias-cut-midi-skirt-in-leopard-print/206187652-1-leopardprint
206188964,ASOS DESIGN straight leg pants with strappy belt detail in black,Black,ASOS DESIGN,https://images.asos-media.com/products/asos-design-straight-leg-pants-with-strappy-belt-detail-in-black/206188964-1-black
206194753,ASOS DESIGN one shoulder trim detail bodysuit in stone,Stone,ASOS DESIGN,https://images.asos-media.com/products/asos-design-one-shoulder-trim-detail-bodysuit-in-stone/206194753-1-stone
206199116,ASOS DESIGN Tall pleated chiffon midi dress with halter neck in red,RED,ASOS Tall,https://images.asos-media.com/products/asos-design-tall-pleated-chiffon-midi-dress-with-halter-neck-in-red/206199116-1-red
206208705,ASOS DESIGN water repellent jort in dark blue - part of a set,Dark blue,ASOS DESIGN,https://images.asos-media.com/products/asos-design-water-repellent-jort-in-dark-blue-part-of-a-set/206208705-1-darkblue
206210334,ASOS DESIGN denim water repellent  pull over jacket in dark blue - part of a set,Dark blue,ASOS DESIGN,https://images.asos-media.com/products/asos-design-denim-water-repellent-pull-over-jacket-in-dark-blue-part-of-a-set/206210334-1-darkblue
206213672,Topshop tie waist maxi bandeau dress in white stripe,White stripe,Topshop,https://images.asos-media.com/products/topshop-tie-waist-maxi-bandeau-dress-in-white-stripe/206213672-1-whitestripe
206241568,Topshop premium square neck wrap midi slip dress in dusty blue floral,blue,Topshop,https://images.asos-media.com/products/topshop-premium-square-neck-wrap-midi-slip-dress-in-dusty-blue-floral/206241568-1-blue
206252305,COLLUSION iconic pleated mini skirt with eyelets in oil wash - part of a set,Oil wash,Collusion,https://images.asos-media.com/products/collusion-iconic-pleated-mini-skirt-with-eyelets-in-oil-wash-part-of-a-set/206252305-1-oilwash
206262304,ASOS DESIGN one shoulder linen look bodysuit in off white,Off White,ASOS DESIGN,https://images.asos-media.com/products/asos-design-one-shoulder-linen-look-bodysuit-in-off-white/206262304-1-offwhite
206262507,ASOS DESIGN mini waterfall skirt in black,Black,ASOS DESIGN,https://images.asos-media.com/products/asos-design-mini-waterfall-skirt-in-black/206262507-1-black
206278516,Miss Selfridge cut out bandeau halterneck bikini top in wine,Wine,Miss Selfridge,https://images.asos-media.com/products/miss-selfridge-cut-out-bandeau-halterneck-bikini-top-in-wine/206278516-1-wine
206282873,ASOS DESIGN Tall cut-out mini dress with godet skirt in lilac floral,Lilac floral,ASOS Tall,https://images.asos-media.com/products/asos-design-tall-cut-out-mini-dress-with-godet-skirt-in-lilac-floral/206282873-1-lilacfloral
206286790,Miss Selfridge gingham lace trim babydoll mini dress in red,RED,Miss Selfridge,https://images.asos-media.com/products/miss-selfridge-gingham-lace-trim-babydoll-mini-dress-in-red/206286790-1-red
206297382,ASOS DESIGN crinkle long sleeve maxi dress in leopard print,LEOPARD PRINT,ASOS DESIGN,https://images.asos-media.com/products/asos-design-crinkle-long-sleeve-maxi-dress-in-leopard-print/206297382-1-leopardprint
206297472,ASOS DESIGN cross back modal maxi dress in brown,BEIGE,ASOS DESIGN,https://images.asos-media.com/products/asos-design-cross-back-modal-maxi-dress-in-brown/206297472-1-beige
206300916,ASOS DESIGN scoop neck pleated waist midi dress in light blue,LIGHT BLUE,ASOS DESIGN,https://images.asos-media.com/products/asos-design-scoop-neck-pleated-waist-midi-dress-in-light-blue/206300916-1-lightblue
206301034,ASOS DESIGN scoop neck pleated waist midi dress in orange,ORANGE,ASOS DESIGN,https://images.asos-media.com/products/asos-design-scoop-neck-pleated-waist-midi-dress-in-orange/206301034-1-orange
206310831,Topshop plisse lace mix jersey skirt in black,Black,Topshop,https://images.asos-media.com/products/topshop-plisse-lace-mix-jersey-skirt-in-black/206310831-1-black
206331578,ASOS DESIGN satin biased maxi dress with button detail in emerald green,Emerald green,ASOS DESIGN,https://images.asos-media.com/products/asos-design-satin-biased-maxi-dress-with-button-detail-in-emerald-green/206331578-1-emeraldgreen
206347095,ASOS DESIGN denim pleated mini skirt in pink,PINK,ASOS DESIGN,https://images.asos-media.com/products/asos-design-denim-pleated-mini-skirt-in-pink/206347095-1-pink
206359786,ASOS DESIGN raglan sweatshirt with saint martin graphic in ice heather,Ice Marl,ASOS DESIGN,https://images.asos-media.com/products/asos-design-raglan-sweatshirt-with-saint-martin-graphic-in-ice-heather/206359786-1-icemarl
206375244,Miss Selfridge oversized positano postcard tee,WHITE,Miss Selfridge,https://images.asos-media.com/products/miss-selfridge-oversized-positano-postcard-tee/206375244-1-white
206375703,Topshop Column jeans with extreme rips in off white,Bone white,Topshop,https://images.asos-media.com/products/topshop-column-jeans-with-extreme-rips-in-off-white/206375703-1-bonewhite
206377872,ASOS DESIGN Curve linen cap sleeve midi shirt dress with pin tucks in abstract print,Abstract print,ASOS Curve,https://images.asos-media.com/products/asos-design-curve-linen-cap-sleeve-midi-shirt-dress-with-pin-tucks-in-abstract-print/206377872-1-abstractprint
206381633,ASOS DESIGN disco midi skirt in chocolate - part of a set,Chocolate,ASOS DESIGN,https://images.asos-media.com/products/asos-design-disco-midi-skirt-in-chocolate-part-of-a-set/206381633-1-chocolate
206381643,ASOS DESIGN disco backless long sleeve top in chocolate - part of a set,Chocolate,ASOS DESIGN,https://images.asos-media.com/products/asos-design-disco-backless-long-sleeve-top-in-chocolate-part-of-a-set/206381643-1-chocolate
206384721,ASOS DESIGN Curve mesh off shoulder midi dress with gauging detail in lilac,Lilac,ASOS Curve,https://images.asos-media.com/products/asos-design-curve-mesh-off-shoulder-midi-dress-with-gauging-detail-in-lilac/206384721-1-lilac
206384850,ASOS DESIGN mesh off shoulder midi dress with gauging detail in camel,Camel,ASOS DESIGN,https://images.asos-media.com/products/asos-design-mesh-off-shoulder-midi-dress-with-gauging-detail-in-camel/206384850-1-camel
206384860,ASOS DESIGN mesh twisted off shoulder mini dress with asymmetric hem in pink,Pink,ASOS DESIGN,https://images.asos-media.com/products/asos-design-mesh-twisted-off-shoulder-mini-dress-with-asymmetric-hem-in-pink/206384860-1-pink
206404734,ASOS 4505 spaghetti strap soft touch tank top with inner bra in slate blue,Slate Blue,ASOS 4505,https://images.asos-media.com/products/asos-4505-spaghetti-strap-soft-touch-tank-top-with-inner-bra-in-slate-blue/206404734-1-slateblue
206411294,Topshop denim cami mini dress with straps in indigo,Indigo,Topshop,https://images.asos-media.com/products/topshop-denim-cami-mini-dress-with-straps-in-indigo/206411294-1-indigo
206426477,Bershka oversized denim jacket in mid wash blue,BLUE,Bershka,https://images.asos-media.com/products/bershka-oversized-denim-jacket-in-mid-wash-blue/206426477-1-blue
206452931,ASOS DESIGN mesh sleeveless wrap front maxi dress in dark green floral print,Green Floral Print,ASOS DESIGN,https://images.asos-media.com/products/asos-design-mesh-sleeveless-wrap-front-maxi-dress-in-dark-green-floral-print/206452931-1-greenfloralprint
206458224,Motel tyla fine knit tank top in oatmilk,Oatmilk,Motel,https://images.asos-media.com/products/motel-tyla-fine-knit-tank-top-in-oatmilk/206458224-1-oatmilk
206458232,Motel ralda curved hem t-shirt in pink,Pink Lady,Motel,https://images.asos-media.com/products/motel-ralda-curved-hem-t-shirt-in-pink/206458232-1-pinklady
206478443,ASOS DESIGN twist detail ruched midi dress in tie dye print,Pink tie dye,ASOS DESIGN,https://images.asos-media.com/products/asos-design-twist-detail-ruched-midi-dress-in-tie-dye-print/206478443-1-pinktiedye
206480552,COLLUSION racer net tank top in red,RED,Collusion,https://images.asos-media.com/products/collusion-racer-net-tank-top-in-red/206480552-1-red
206493649,Stradivarius contrast piping detail tank top in white,WHITE,Stradivarius,https://images.asos-media.com/products/stradivarius-contrast-piping-detail-tank-top-in-white/206493649-1-white
206493765,Stradivarius rustic tie front shirt in white,WHITE,Stradivarius,https://images.asos-media.com/products/stradivarius-rustic-tie-front-shirt-in-white/206493765-1-white
206494859,Stradivarius short sleeve top with sweetheart neck in black,Black,Stradivarius,https://images.asos-media.com/products/stradivarius-short-sleeve-top-with-sweetheart-neck-in-black/206494859-1-black
206509241,ASOS DESIGN twisted high neck mesh midi dress in mocha,Mocha,ASOS DESIGN,https://images.asos-media.com/products/asos-design-twisted-high-neck-mesh-midi-dress-in-mocha/206509241-1-mocha
206522894,Bershka bardot crinkle bodysuit in red,RED,Bershka,https://images.asos-media.com/products/bershka-bardot-crinkle-bodysuit-in-red/206522894-1-red
206523078,Bershka off the shoulder crinkle bodysuit in white,WHITE,Bershka,https://images.asos-media.com/products/bershka-off-the-shoulder-crinkle-bodysuit-in-white/206523078-1-white
206523253,Bershka slinky bandeau maxi dress in pistachio,GREEN,Bershka,https://images.asos-media.com/products/bershka-slinky-bandeau-maxi-dress-in-pistachio/206523253-1-green
206523680,Bershka polyamide open back t-shirt in black,Black,Bershka,https://images.asos-media.com/products/bershka-polyamide-open-back-t-shirt-in-black/206523680-1-black
206527211,Stradivarius sculpt hotpant in natural,NATURAL,Stradivarius,https://images.asos-media.com/products/stradivarius-sculpt-hotpant-in-natural/206527211-1-natural
206577367,ASOS DESIGN low back sheer burnout mesh maxi dress with angel sleeves in sage,Sage,ASOS DESIGN,https://images.asos-media.com/products/asos-design-low-back-sheer-burnout-mesh-maxi-dress-with-angel-sleeves-in-sage/206577367-1-sage
206585484,Topshop sleeveless crinkle midi dress in abstract art print,Multi,Topshop,https://images.asos-media.com/products/topshop-sleeveless-crinkle-midi-dress-in-abstract-art-print/206585484-1-multi
206601414,ASOS DESIGN relaxed linen blend shirt in light blue,BLUE,ASOS DESIGN,https://images.asos-media.com/products/asos-design-relaxed-linen-blend-shirt-in-light-blue/206601414-1-blue
206718094,Pull&Bear longline slim everyday tee in black,Black,Pull&Bear,https://images.asos-media.com/products/pullbear-longline-slim-everyday-tee-in-black/206718094-1-black
206718108,Pull&Bear bandeau top in blue stripe,BLUE,Pull&Bear,https://images.asos-media.com/products/pullbear-bandeau-top-in-blue-stripe/206718108-1-blue
206718109,Pull&Bear polyamide sculpt strappy maxi dress in sage green,Khaki,Pull&Bear,https://images.asos-media.com/products/pullbear-polyamide-sculpt-strappy-maxi-dress-in-sage-green/206718109-1-khaki
206718240,Pull&Bear polo collar halterneck mini dress in navy blue,BLUE,Pull&Bear,https://images.asos-media.com/products/pullbear-polo-collar-halterneck-mini-dress-in-navy-blue/206718240-1-blue
206718274,Pull&Bear strawberry graphic racer neck tank top in rust,ORANGE,Pull&Bear,https://images.asos-media.com/products/pullbear-strawberry-graphic-racer-neck-tank-top-in-rust/206718274-1-orange
206718294,Pull&Bear bubble texture cut out back top in sand,BEIGE,Pull&Bear,https://images.asos-media.com/products/pullbear-bubble-texture-cut-out-back-top-in-sand/206718294-1-beige
206718308,Pull&Bear polyamide strappy bodysuit in black,Black,Pull&Bear,https://images.asos-media.com/products/pullbear-polyamide-strappy-bodysuit-in-black/206718308-1-black
206718342,Pull&Bear pointelle bow detail bodysuit in white,WHITE,Pull&Bear,https://images.asos-media.com/products/pullbear-pointelle-bow-detail-bodysuit-in-white/206718342-1-white
206745430,ASOS DESIGN one shoulder bell sleeve midaxi dress in tie dye print,Tie dye print,ASOS DESIGN,https://images.asos-media.com/products/asos-design-one-shoulder-bell-sleeve-midaxi-dress-in-tie-dye-print/206745430-1-tiedyeprint
206748899,COLLUSION plaid printed halter top,LILAC,Collusion,https://images.asos-media.com/products/collusion-plaid-printed-halter-top/206748899-1-lilac
206751268,ASOS DESIGN mesh high neck sleeveless maxi dress in faded snake print,Snake,ASOS DESIGN,https://images.asos-media.com/products/asos-design-mesh-high-neck-sleeveless-maxi-dress-in-faded-snake-print/206751268-1-snake
206784780,ASOS DESIGN double layer slinky scoop front bodysuit in white,White,ASOS DESIGN,https://images.asos-media.com/products/asos-design-double-layer-slinky-scoop-front-bodysuit-in-white/206784780-1-white
205749794,JJXX linen blend long sleeve shirt in beige,Cement,JJXX,https://images.asos-media.com/products/jjxx-linen-blend-long-sleeve-shirt-in-beige/205749794-1-cement
206404090,JJXX baby t-shirt with cowboy hat print in white,White,JJXX,https://images.asos-media.com/products/jjxx-baby-t-shirt-with-cowboy-hat-print-in-white/206404090-1-white
206232038,ASOS DESIGN relaxed mom jeans in mid blue with rips,MID BLUE,ASOS DESIGN,https://images.asos-media.com/products/asos-design-relaxed-mom-jeans-in-mid-blue-with-rips/206232038-1-midblue
206769805,COLLUSION rib tank top maxi dress in gray,Gray,Collusion,https://images.asos-media.com/products/collusion-rib-tank-top-maxi-dress-in-gray/206769805-1-grey
206278441,Miss Selfridge tie detail V-front bikini bottoms in wine,Wine,Miss Selfridge,https://images.asos-media.com/products/miss-selfridge-tie-detail-v-front-bikini-bottoms-in-wine/206278441-1-wine
206426299,Bershka underwire bikini top in zebra print - part of a set,Black,Bershka,https://images.asos-media.com/products/bershka-underwire-bikini-top-in-zebra-print-part-of-a-set/206426299-1-black
206426352,Bershka V-front bikini bottoms in zebra print - part of a set,Multi,Bershka,https://images.asos-media.com/products/bershka-v-front-bikini-bottoms-in-zebra-print-part-of-a-set/206426352-1-multi
206782843,Reclaimed Vintage cami top with bow in yellow gingham,YELLOW,Reclaimed Vintage,https://images.asos-media.com/products/reclaimed-vintage-cami-top-with-bow-in-yellow-gingham/206782843-1-yellow
205972393,Vero Moda Curve tie front plisse top in black - part of a set,Black,Vero Moda Curve,https://images.asos-media.com/products/vero-moda-curve-tie-front-plisse-top-in-black-part-of-a-set/205972393-1-black
205972417,Vero Moda Curve wide leg plisse pants in black - part of a set,Black,Vero Moda Curve,https://images.asos-media.com/products/vero-moda-curve-wide-leg-plisse-pants-in-black-part-of-a-set/205972417-1-black
205994664,Neon Rose tiered puff sleeve gingham midi dress in black,Black gingham,Neon Rose,https://images.asos-media.com/products/neon-rose-tiered-puff-sleeve-gingham-midi-dress-in-black/205994664-1-blackgingham
205994671,Neon Rose rik-rak detail gingham maxi skirt in black,Black gingham,Neon Rose,https://images.asos-media.com/products/neon-rose-rik-rak-detail-gingham-maxi-skirt-in-black/205994671-1-blackgingham
205994713,Neon Rose wide leg gingham jumpsuit in black,Black gingham,Neon Rose,https://images.asos-media.com/products/neon-rose-wide-leg-gingham-jumpsuit-in-black/205994713-1-blackgingham
205994741,Neon Rose key hole detail a-line mini dress in red,red linen,Neon Rose,https://images.asos-media.com/products/neon-rose-key-hole-detail-a-line-mini-dress-in-red/205994741-1-redlinen
205998168,Object crochet mini skirt in mono check - part of a set,Sandshell,Object,https://images.asos-media.com/products/object-crochet-mini-skirt-in-mono-check-part-of-a-set/205998168-1-sandshell
205998175,Object crochet cropped top in mono check - part of a set,Sandshell,Object,https://images.asos-media.com/products/object-crochet-cropped-top-in-mono-check-part-of-a-set/205998175-1-sandshell
206119215,Y.A.S tie shoulder chambray denim midi dress with shirred bust in blue,BLUE,Y.A.S,https://images.asos-media.com/products/yas-tie-shoulder-chambray-denim-midi-dress-with-shirred-bust-in-blue/206119215-1-blue
206159595,Vero Moda ribbed tank mini dress in navy,Navy Blazer,Vero Moda,https://images.asos-media.com/products/vero-moda-ribbed-tank-mini-dress-in-navy/206159595-1-navyblazer
206214044,Vero Moda ribbed jersey tank top in washed charcoal,MAGNET,Vero Moda,https://images.asos-media.com/products/vero-moda-ribbed-jersey-tank-top-in-washed-charcoal/206214044-1-magnet
206214136,Vero Moda ribbed jersey tank top in washed blue,Vintage indigo,Vero Moda,https://images.asos-media.com/products/vero-moda-ribbed-jersey-tank-top-in-washed-blue/206214136-1-vintageindigo
206291862,Vila knit drawstring shorts in cream and black stripe,Birch,Vila,https://images.asos-media.com/products/vila-knit-drawstring-shorts-in-cream-and-black-stripe/206291862-1-birch
206292030,Vila knit polo top in cream and black stripe,Black beauty,Vila,https://images.asos-media.com/products/vila-knit-polo-top-in-cream-and-black-stripe/206292030-1-blackbeauty
206292147,Vila satin cross back cami midi dress in floral print,Forest Green,Vila,https://images.asos-media.com/products/vila-satin-cross-back-cami-midi-dress-in-floral-print/206292147-1-forestgreen
206292180,Vila crochet t-shirt maxi dress in black,Black beauty,Vila,https://images.asos-media.com/products/vila-crochet-t-shirt-maxi-dress-in-black/206292180-1-blackbeauty
206301044,Vero Moda linen mix skirt in sage green - part of a set,Hedge green,Vero Moda,https://images.asos-media.com/products/vero-moda-linen-mix-skirt-in-sage-green-part-of-a-set/206301044-1-hedgegreen
206301287,Vero Moda high neck knit racer neck mini dress in cream,Birch,Vero Moda,https://images.asos-media.com/products/vero-moda-high-neck-knit-racer-neck-mini-dress-in-cream/206301287-1-birch
206301513,Vero Moda short sleeve cropped linen mix shirt in sage green - part of a set,Hedge green,Vero Moda,https://images.asos-media.com/products/vero-moda-short-sleeve-cropped-linen-mix-shirt-in-sage-green-part-of-a-set/206301513-1-hedgegreen
206301671,Vero Moda knit racer neck swing dress in cream,Birch,Vero Moda,https://images.asos-media.com/products/vero-moda-knit-racer-neck-swing-dress-in-cream/206301671-1-birch
206301759,Vero Moda v neck eyelet jersey maxi dress in navy,Navy Blazer,Vero Moda,https://images.asos-media.com/products/vero-moda-v-neck-eyelet-jersey-maxi-dress-in-navy/206301759-1-navyblazer
206301906,Vero Moda high neck sleeveless ribbed jersey maxi dress in hot pink,Hot pink,Vero Moda,https://images.asos-media.com/products/vero-moda-high-neck-sleeveless-ribbed-jersey-maxi-dress-in-hot-pink/206301906-1-hotpink
206307787,Y.A.S smocked tie front sleeveless blouse in white,Summer white,Y.A.S,https://images.asos-media.com/products/yas-smocked-tie-front-sleeveless-blouse-in-white/206307787-1-summerwhite
206392152,Free People textured stretch camisole top in coral orange,Emberglow,Free People,https://images.asos-media.com/products/free-people-textured-stretch-camisole-top-in-coral-orange/206392152-1-emberglow
206399939,Pieces wrap midi skirt in pink floral,Pink floral,Pieces,https://images.asos-media.com/products/pieces-wrap-midi-skirt-in-pink-floral/206399939-1-pinkfloral
206400057,Pieces Tall tie front linen mix shirt in cream - part of a set,CREAM,Pieces Tall,https://images.asos-media.com/products/pieces-tall-tie-front-linen-mix-shirt-in-cream-part-of-a-set/206400057-1-cream
206400075,Pieces cargo boilersuit in stone,STONE,Pieces,https://images.asos-media.com/products/pieces-cargo-boilersuit-in-stone/206400075-1-stone
206400368,Pieces scoop neck maxi dress in green,GREEN,Pieces,https://images.asos-media.com/products/pieces-scoop-neck-maxi-dress-in-green/206400368-1-green
206400456,Pieces wide leg linen mix pants in cream - part of a set,CREAM,Pieces Tall,https://images.asos-media.com/products/pieces-wide-leg-linen-mix-pants-in-cream-part-of-a-set/206400456-1-cream
206418689,Vero Moda Tall linen wide leg dad pants in khaki green,Khaki,Vero Moda Tall,https://images.asos-media.com/products/vero-moda-tall-linen-wide-leg-dad-pants-in-khaki-green/206418689-1-khaki
206418698,Vero Moda Maternity shirred cami midi dress in navy blue floral,NAVY BLUE FLORAL,Vero Moda Maternity,https://images.asos-media.com/products/vero-moda-maternity-shirred-cami-midi-dress-in-navy-blue-floral/206418698-1-navybluefloral
206423687,Object textured buttondown mini dress in off white,White Sand,Object,https://images.asos-media.com/products/object-textured-buttondown-mini-dress-in-off-white/206423687-1-whitesand
206423696,Object stretch jersey midi skirt with twist detail in off white,White Sand,Object,https://images.asos-media.com/products/object-stretch-jersey-midi-skirt-with-twist-detail-in-off-white/206423696-1-whitesand
206423711,Object mini skirt in painted print,Sandshell,Object,https://images.asos-media.com/products/object-mini-skirt-in-painted-print/206423711-1-sandshell
206513246,Y.A.S crochet maxi dress in cream,Birch,Y.A.S,https://images.asos-media.com/products/yas-crochet-maxi-dress-in-cream/206513246-1-birch
206528064,Vila Petite crochet maxi skirt in cream,Birch,Vila Petite,https://images.asos-media.com/products/vila-petite-crochet-maxi-skirt-in-cream/206528064-1-birch
206528210,Vila linen blend wrap front mini dress with tie belt in black,Black beauty,Vila,https://images.asos-media.com/products/vila-linen-blend-wrap-front-mini-dress-with-tie-belt-in-black/206528210-1-blackbeauty
206532143,Mamalicious Maternity plisse midi skirt in pink,Pastel lavender,Mama.licious,https://images.asos-media.com/products/mamalicious-maternity-plisse-midi-skirt-in-pink/206532143-1-pastellavender
206577092,Pieces lace racer neck tank top in cream,CREAM,Pieces,https://images.asos-media.com/products/pieces-lace-racer-neck-tank-top-in-cream/206577092-1-cream
205754208,ASOS DESIGN racer neck crosshatch linen jumpsuit in dusty rose,Dusty rose,ASOS DESIGN,https://images.asos-media.com/products/asos-design-racer-neck-crosshatch-linen-jumpsuit-in-dusty-rose/205754208-1-dustyrose
205771216,ASOS DESIGN scoop neck wide leg jumpsuit in mauve,MAUVE,ASOS DESIGN,https://images.asos-media.com/products/asos-design-scoop-neck-wide-leg-jumpsuit-in-mauve/205771216-1-mauve
205771456,ASOS DESIGN pleated square neck wide leg jumpsuit in burnt orange,Burnt orange,ASOS DESIGN,https://images.asos-media.com/products/asos-design-pleated-square-neck-wide-leg-jumpsuit-in-burnt-orange/205771456-1-burntorange
205823143,ASOS DESIGN textured romper with corset waist in white ditsy print,WHITE TEXTURED FLORAL,ASOS DESIGN,https://images.asos-media.com/products/asos-design-textured-romper-with-corset-waist-in-white-ditsy-print/205823143-1-whiteditsydobby
205831101,ASOS DESIGN textured romper with corset waist in lemon,LEMON,ASOS DESIGN,https://images.asos-media.com/products/asos-design-textured-romper-with-corset-waist-in-lemon/205831101-1-lemon
205887673,ASOS DESIGN sleeveless shirt with cutwork in cream - part of a set,Cream,ASOS DESIGN,https://images.asos-media.com/products/asos-design-sleeveless-shirt-with-cutwork-in-cream-part-of-a-set/205887673-1-cream
206005355,ASOS DESIGN maxi skirt with godet detail in off white,Off White,ASOS DESIGN,https://images.asos-media.com/products/asos-design-maxi-skirt-with-godet-detail-in-off-white/206005355-1-offwhite
206005365,ASOS DESIGN maxi skirt with godet detail in green,Green,ASOS DESIGN,https://images.asos-media.com/products/asos-design-maxi-skirt-with-godet-detail-in-green/206005365-1-green
206005384,ASOS DESIGN maxi skirt with godet detail in black,Black,ASOS DESIGN,https://images.asos-media.com/products/asos-design-maxi-skirt-with-godet-detail-in-black/206005384-1-black
206057403,ASOS DESIGN shoulder pad column wide leg jumpsuit in blue,BLUE,ASOS DESIGN,https://images.asos-media.com/products/asos-design-shoulder-pad-column-wide-leg-jumpsuit-in-blue/206057403-1-blue
206063263,ASOS DESIGN square neck tie back linen mini sundress in fruit print,Fruit print,ASOS DESIGN,https://images.asos-media.com/products/asos-design-square-neck-tie-back-linen-mini-sundress-in-fruit-print/206063263-1-fruitprint
206063820,ASOS DESIGN Tall square neck tie back linen mix midi sundress in chocolate,Chocolate,ASOS Tall,https://images.asos-media.com/products/asos-design-tall-square-neck-tie-back-linen-mix-midi-sundress-in-chocolate/206063820-1-chocolate
206119620,ASOS DESIGN ruched bandeau jumpsuit in sage green,SAGE GREEN,ASOS DESIGN,https://images.asos-media.com/products/asos-design-ruched-bandeau-jumpsuit-in-sage-green/206119620-1-sagegreen
206133341,ASOS DESIGN linen look slip dress with contrast binding in khaki,Khaki,ASOS DESIGN,https://images.asos-media.com/products/asos-design-linen-look-slip-dress-with-contrast-binding-in-khaki/206133341-1-khaki
206141424,ASOS DESIGN high apex spun midi dress in red ombre print,RED OMBRE PRINT,ASOS DESIGN,https://images.asos-media.com/products/asos-design-high-apex-spun-midi-dress-in-red-ombre-print/206141424-1-redombreprint
206141554,ASOS DESIGN high apex spun midi dress in ombre print,Ombre print,ASOS DESIGN,https://images.asos-media.com/products/asos-design-high-apex-spun-midi-dress-in-ombre-print/206141554-1-ombreprint
206282863,ASOS DESIGN cotton textured mini dress with lace up back in light blue,LIGHT BLUE,ASOS DESIGN,https://images.asos-media.com/products/asos-design-cotton-textured-mini-dress-with-lace-up-back-in-light-blue/206282863-1-lightblue
206782844,Reclaimed Vintage mini shorts with bow in yellow gingham,YELLOW,Reclaimed Vintage,https://images.asos-media.com/products/reclaimed-vintage-mini-shorts-with-bow-in-yellow-gingham/206782844-1-yellow
206785245,COLLUSION slash neck tank top with ruffle hem in lime,LIGHT GREEN,Collusion,https://images.asos-media.com/products/collusion-slash-neck-tank-top-with-ruffle-hem-in-lime/206785245-1-lightgreen
206275238,ASOS DESIGN pull-on shorts with rick-rack trim in lemon print,Lemon print,ASOS DESIGN,https://images.asos-media.com/products/asos-design-pull-on-shorts-with-rick-rack-trim-in-lemon-print/206275238-1-lemonprint
206782861,Reclaimed Vintage slit front tie-up top in white poplin,WHITE,Reclaimed Vintage,https://images.asos-media.com/products/reclaimed-vintage-slit-front-tie-up-top-in-white-poplin/206782861-1-white
205537195,Nike One Training Dri-Fit high rise leggings in purple,PURPLE,Nike Training,https://images.asos-media.com/products/nike-one-training-dri-fit-high-rise-leggings-in-purple/205537195-1-purple
205645826,Miss Selfridge seamless short sleeve unitard in khaki,Khaki,Miss Selfridge,https://images.asos-media.com/products/miss-selfridge-seamless-short-sleeve-unitard-in-khaki/205645826-1-khaki
205793124,Calvin Klein CK 96 triangle bralet bikini top in black,Black,Calvin Klein,https://images.asos-media.com/products/calvin-klein-ck-96-triangle-bralet-bikini-top-in-black/205793124-1-black
205793149,Calvin Klein CK 96 bikini bottom in black,Black,Calvin Klein,https://images.asos-media.com/products/calvin-klein-ck-96-bikini-bottom-in-black/205793149-1-black
205794102,Tommy Jeans logo taping high leg cheeky bikini bottom in navy,NAVY,Tommy Hilfiger,https://images.asos-media.com/products/tommy-jeans-logo-taping-high-leg-cheeky-bikini-bottom-in-navy/205794102-1-navy
205804939,Calvin Klein pure cotton slim boxer short in gray,Gray,Calvin Klein,https://images.asos-media.com/products/calvin-klein-pure-cotton-slim-boxer-short-in-gray/205804939-1-grey
205804951,Calvin Klein textured cotton sleep pant in white,WHITE,Calvin Klein,https://images.asos-media.com/products/calvin-klein-textured-cotton-sleep-pant-in-white/205804951-1-white
205805109,Calvin Klein CK 96 micro unlined bralette in coral,Coral,Calvin Klein,https://images.asos-media.com/products/calvin-klein-ck-96-micro-unlined-bralette-in-coral/205805109-1-coral
205965630,COLLUSION X014 baggy mid rise antifit jeans in washed blue,Mid wash blue,Collusion,https://images.asos-media.com/products/collusion-x014-baggy-mid-rise-antifit-jeans-in-washed-blue/205965630-1-midwashblue
206683639,ASOS DESIGN cotton poplin smock dress in red,Red,ASOS DESIGN,https://images.asos-media.com/products/asos-design-cotton-poplin-smock-dress-in-red/206683639-1-red
206683648,ASOS DESIGN wide leg cotton poplin pants in gingham,Gingham,ASOS DESIGN,https://images.asos-media.com/products/asos-design-wide-leg-cotton-poplin-pants-in-gingham/206683648-1-gingham
206683669,ASOS DESIGN gingham mini skirt,Gingham,ASOS DESIGN,https://images.asos-media.com/products/asos-design-gingham-mini-skirt/206683669-1-gingham
206746367,ASOS DESIGN slash neck t-shirt with contrast binding in white,Ivory,ASOS DESIGN,https://images.asos-media.com/products/asos-design-slash-neck-t-shirt-with-contrast-binding-in-white/206746367-1-ivory
206750038,Reclaimed Vintage mesh top with shoulder detail in leopard print,Multi,Reclaimed Vintage,https://images.asos-media.com/products/reclaimed-vintage-mesh-top-with-shoulder-detail-in-leopard-print/206750038-1-multi
206787215,COLLUSION shrunken T-shirt with V-neck and logo in green,DARK GREEN,Collusion,https://images.asos-media.com/products/collusion-shrunken-t-shirt-with-v-neck-and-logo-in-green/206787215-1-darkgreen
206787253,COLLUSION baby tee with contrast detail and logo in white and red,RED,Collusion,https://images.asos-media.com/products/collusion-baby-tee-with-contrast-detail-and-logo-in-white-and-red/206787253-1-red
206791769,Reclaimed Vintage baby T-shirt with cowboy graphics in white,WHITE,Reclaimed Vintage,https://images.asos-media.com/products/reclaimed-vintage-baby-t-shirt-with-cowboy-graphics-in-white/206791769-1-white
206791808,Reclaimed Vintage oversized T-shirt with cowboy hats in black,Black,Reclaimed Vintage,https://images.asos-media.com/products/reclaimed-vintage-oversized-t-shirt-with-cowboy-hats-in-black/206791808-1-black
205413105,ASOS DESIGN Curve cotton twill shacket with pocket in ecru,Ecru,ASOS Curve,https://images.asos-media.com/products/asos-design-curve-cotton-twill-shacket-with-pocket-in-ecru/205413105-1-ecru
205753069,Maya Premium embroidery cami maxi dress in blue floral,BLUE,Maya,https://images.asos-media.com/products/maya-premium-embroidery-cami-maxi-dress-in-blue-floral/205753069-1-blue
205767039,COLLUSION denim cut off mini skirt in washed black,Black wash,Collusion,https://images.asos-media.com/products/collusion-denim-cut-off-mini-skirt-in-washed-black/205767039-1-blackwash
206029159,Anaya tie back ruffle maxi dress in coral floral,Coral floral,Anaya,https://images.asos-media.com/products/anaya-tie-back-ruffle-maxi-dress-in-coral-floral/206029159-1-coralfloral
206029196,Anaya waterfall ruffle premium tulle maxi dress in red,Tomato Red,Anaya,https://images.asos-media.com/products/anaya-waterfall-ruffle-premium-tulle-maxi-dress-in-red/206029196-1-tomatored
206031629,Anaya Plus bridesmaid tulle one shoulder maxi dress in soft blue,Soft Blue,Anaya Plus,https://images.asos-media.com/products/anaya-plus-bridesmaid-tulle-one-shoulder-maxi-dress-in-soft-blue/206031629-1-softblue
206704632,ASOS DESIGN shirred micro shorts with lace trim in off white,ECRU,ASOS DESIGN,https://images.asos-media.com/products/asos-design-shirred-micro-shorts-with-lace-trim-in-off-white/206704632-1-ecru
206748151,Miss Selfridge scoop neck sleeveless wide leg jumpsuit in black,Black,Miss Selfridge,https://images.asos-media.com/products/miss-selfridge-scoop-neck-sleeveless-wide-leg-jumpsuit-in-black/206748151-1-black
205872343,Pretty Lavish linen blend cut-out jumpsuit in cream,Cream,Pretty Lavish,https://images.asos-media.com/products/pretty-lavish-linen-blend-cut-out-jumpsuit-in-cream/205872343-1-cream
205915789,Pretty Lavish linen blend bandeau top in stone - part of a set,Stone,Pretty Lavish,https://images.asos-media.com/products/pretty-lavish-linen-blend-bandeau-top-in-stone-part-of-a-set/205915789-1-stone
206029628,Anaya twist tulle maxi dress in soft blue,Soft Blue,Anaya,https://images.asos-media.com/products/anaya-twist-tulle-maxi-dress-in-soft-blue/206029628-1-softblue
206031608,Anaya Plus twist tulle maxi dress in soft blue,Soft Blue,Anaya Plus,https://images.asos-media.com/products/anaya-plus-twist-tulle-maxi-dress-in-soft-blue/206031608-1-softblue
206522985,Bershka strappy straight neck cami top in leopard print,Multi,Bershka,https://images.asos-media.com/products/bershka-strappy-straight-neck-cami-top-in-leopard-print/206522985-1-multi
206523062,Bershka ribbed strappy mini dress in pink,PINK,Bershka,https://images.asos-media.com/products/bershka-ribbed-strappy-mini-dress-in-pink/206523062-1-pink
206523217,Bershka lettuce edge bandeau mini dress in khaki,GREEN,Bershka,https://images.asos-media.com/products/bershka-lettuce-edge-bandeau-mini-dress-in-khaki/206523217-1-green
206523242,Bershka low rise bootcut jeans in light blue dirty wash,BLUE,Bershka,https://images.asos-media.com/products/bershka-low-rise-bootcut-jeans-in-light-blue-dirty-wash/206523242-1-blue
205645786,Miss Selfridge seamless short sleeve t-shirt in cream,CREAM,Miss Selfridge,https://images.asos-media.com/products/miss-selfridge-seamless-short-sleeve-t-shirt-in-cream/205645786-1-cream
205943374,COLLUSION straight neck tank top in white,WHITE,Collusion,https://images.asos-media.com/products/collusion-straight-neck-tank-top-in-white/205943374-1-white
206522738,Bershka textured cowl neck cut out mini dress in ecru,NEUTRAL,Bershka,https://images.asos-media.com/products/bershka-textured-cowl-neck-cut-out-mini-dress-in-ecru/206522738-1-neutral
206523131,Bershka thin strap bow detail bodycon maxi dress in pink,PINK,Bershka,https://images.asos-media.com/products/bershka-thin-strap-bow-detail-bodycon-maxi-dress-in-pink/206523131-1-pink
206663958,Bershka textured halterneck knit maxi dress in orange,ORANGE,Bershka,https://images.asos-media.com/products/bershka-textured-halterneck-knit-maxi-dress-in-orange/206663958-1-orange
206715720,Bershka racer neck top in chocolate and beige print,Multi,Bershka,https://images.asos-media.com/products/bershka-racer-neck-top-in-chocolate-and-beige-print/206715720-1-multi
201472009,Karl Kani oversized plush varsity hoodie with chest logo,CREAM,Karl Kani,https://images.asos-media.com/products/karl-kani-oversized-plush-varsity-hoodie-with-chest-logo/201472009-1-cream
205612590,Reclaimed Vintage tie side triangle bikini bottom in floral print,multi,Reclaimed Vintage,https://images.asos-media.com/products/reclaimed-vintage-tie-side-triangle-bikini-bottom-in-floral-print/205612590-1-multi
205612727,Reclaimed Vintage long line cami in floral print,multi,Reclaimed Vintage,https://images.asos-media.com/products/reclaimed-vintage-long-line-cami-in-floral-print/205612727-1-multi
205645812,Miss Selfridge seamless short sleeve unitard in black,Black,Miss Selfridge,https://images.asos-media.com/products/miss-selfridge-seamless-short-sleeve-unitard-in-black/205645812-1-black
205646147,Miss Selfridge seamless bralette cami top in black,Black,Miss Selfridge,https://images.asos-media.com/products/miss-selfridge-seamless-bralette-cami-top-in-black/205646147-1-black
205753828,Miss Selfridge 2 pack lace trim rib cami top in white and gray heather,White And Gray Marl,Miss Selfridge,https://images.asos-media.com/products/miss-selfridge-2-pack-lace-trim-rib-cami-top-in-white-and-gray-heather/205753828-1-whiteandgreymarl
205756063,Miss Selfridge low rise deep fold over waistband flare legging in gray heather,Gray Heather,Miss Selfridge,https://images.asos-media.com/products/miss-selfridge-low-rise-deep-fold-over-waistband-flare-legging-in-gray-heather/205756063-1-greymarl
205816590,ASOS DESIGN one shoulder strappy ribbed mini dress in navy,Indigo wash,ASOS DESIGN,https://images.asos-media.com/products/asos-design-one-shoulder-strappy-ribbed-mini-dress-in-navy/205816590-1-indigowash
205816630,ASOS DESIGN one shoulder strappy ribbed mini dress in khaki,Khaki wash,ASOS DESIGN,https://images.asos-media.com/products/asos-design-one-shoulder-strappy-ribbed-mini-dress-in-khaki/205816630-1-khakiwash
205918381,Pretty Lavish shorts in olive - part of a set,Soft Olive,Pretty Lavish,https://images.asos-media.com/products/pretty-lavish-shorts-in-olive-part-of-a-set/205918381-1-softolive
206187747,Reclaimed Vintage denim jorts in ecru wash,ECRU,Reclaimed Vintage,https://images.asos-media.com/products/reclaimed-vintage-denim-jorts-in-ecru-wash/206187747-1-ecru
206757159,Miss Selfridge red pointelle micro shorts,red,Miss Selfridge,https://images.asos-media.com/products/miss-selfridge-red-pointelle-micro-shorts/206757159-1-red
206042079,ASOS DESIGN tie side bikini bottoms in abstract print,Postcard print,ASOS DESIGN,https://images.asos-media.com/products/asos-design-tie-side-bikini-bottoms-in-abstract-print/206042079-1-postcardprint
206042197,ASOS DESIGN triangle bikini top in postcard print,Postcard print,ASOS DESIGN,https://images.asos-media.com/products/asos-design-triangle-bikini-top-in-postcard-print/206042197-1-postcardprint
206155422,ASOS DESIGN Cindy high leg high waist bikini bottom in mono spot,Monochrome spot,ASOS DESIGN,https://images.asos-media.com/products/asos-design-cindy-high-leg-high-waist-bikini-bottom-in-mono-spot/206155422-1-monochromespot
206183066,COLLUSION motocross fitted maxi dress in red,RED,Collusion,https://images.asos-media.com/products/collusion-motocross-fitted-maxi-dress-in-red/206183066-1-red
206317986,ASOS DESIGN Curve Sheri high waist bikini bottoms in mono abstract,Mono abstract,ASOS Curve,https://images.asos-media.com/products/asos-design-curve-sheri-high-waist-bikini-bottoms-in-mono-abstract/206317986-1-monoabstract
206317995,ASOS DESIGN Sheri high leg hipster bikini bottoms in monochrome abstract,Mono abstract,ASOS DESIGN,https://images.asos-media.com/products/asos-design-sheri-high-leg-hipster-bikini-bottoms-in-monochrome-abstract/206317995-1-monoabstract
206318325,ASOS DESIGN Sheri crop bikini top in mono abstract,Mono abstract,ASOS DESIGN,https://images.asos-media.com/products/asos-design-sheri-crop-bikini-top-in-mono-abstract/206318325-1-monoabstract
206318345,ASOS DESIGN Curve Sheri crop bikini top in mono abstract,Mono abstract,ASOS Curve,https://images.asos-media.com/products/asos-design-curve-sheri-crop-bikini-top-in-mono-abstract/206318345-1-monoabstract
206318530,ASOS DESIGN Sheri square neck scoop back swimsuit in mono abstract,Mono abstract,ASOS DESIGN,https://images.asos-media.com/products/asos-design-sheri-square-neck-scoop-back-swimsuit-in-mono-abstract/206318530-1-monoabstract
206436933,ASOS DESIGN knit beach shorts in blue & cream - part of a set,Blue & cream,ASOS DESIGN,https://images.asos-media.com/products/asos-design-knit-beach-shorts-in-blue-cream-part-of-a-set/206436933-1-bluecream
206436949,ASOS DESIGN knit beach shirt in blue & cream - part of a set,Blue & cream,ASOS DESIGN,https://images.asos-media.com/products/asos-design-knit-beach-shirt-in-blue-cream-part-of-a-set/206436949-1-bluecream
205645810,Miss Selfridge seamless bralette cami top in sage,Khaki,Miss Selfridge,https://images.asos-media.com/products/miss-selfridge-seamless-bralette-cami-top-in-sage/205645810-1-khaki
205755910,Miss Selfridge low rise maxi skirt in gray heather,Gray Heather,Miss Selfridge,https://images.asos-media.com/products/miss-selfridge-low-rise-maxi-skirt-in-gray-heather/205755910-1-greymarl
205827403,Topshop denim pleated midi skirt in raw indigo,Indigo,Topshop,https://images.asos-media.com/products/topshop-denim-pleated-midi-skirt-in-raw-indigo/205827403-1-indigo
205877060,Pretty Lavish linen blend shorts in natural - part of a set,Natural,Pretty Lavish,https://images.asos-media.com/products/pretty-lavish-linen-blend-shorts-in-natural-part-of-a-set/205877060-1-natural
206757169,Miss Selfridge red pointelle milkmaid top,red,Miss Selfridge,https://images.asos-media.com/products/miss-selfridge-red-pointelle-milkmaid-top/206757169-1-red
206187765,Reclaimed Vintage denim jorts in blue wash,Blue wash,Reclaimed Vintage,https://images.asos-media.com/products/reclaimed-vintage-denim-jorts-in-blue-wash/206187765-1-bluewash
205872420,Pretty Lavish linen blend vest in natural - part of a set,Natural,Pretty Lavish,https://images.asos-media.com/products/pretty-lavish-linen-blend-vest-in-natural-part-of-a-set/205872420-1-natural
205915216,Pretty Lavish linen blend wide leg pants in stone - part of a set,Stone,Pretty Lavish,https://images.asos-media.com/products/pretty-lavish-linen-blend-wide-leg-pants-in-stone-part-of-a-set/205915216-1-stone
205956135,Lindex Naila rib swimsuit in black,Black,Lindex,https://images.asos-media.com/products/lindex-naila-rib-swimsuit-in-black/205956135-1-black
206844746,Miss Selfridge bikini in wine,Wine,Miss Selfridge,https://images.asos-media.com/groups/miss-selfridge-bikini-in-wine/206844746-group-1
205214954,Vans graphic logo tank in black,BROWN,Vans,https://images.asos-media.com/products/vans-graphic-logo-tank-in-black/205214954-1-brown
205817658,JDY Petite long sleeve linen mix shirt in sage and white stripe - part of a set,Turtledove/Stripes,JDY Petite,https://images.asos-media.com/products/jdy-petite-long-sleeve-linen-mix-shirt-in-sage-and-white-stripe-part-of-a-set/205817658-1-turtledovestripes
205817667,JDY Petite wide leg linen mix pants in sage and white stripe - part of a set,Turtledove/Stripes,JDY Petite,https://images.asos-media.com/products/jdy-petite-wide-leg-linen-mix-pants-in-sage-and-white-stripe-part-of-a-set/205817667-1-turtledovestripes
205966280,ASOS DESIGN plunge draped satin mini dress with gold chain detail in peach,Peach,ASOS DESIGN,https://images.asos-media.com/products/asos-design-plunge-draped-satin-mini-dress-with-gold-chain-detail-in-peach/205966280-1-peach
205989181,Noisy May Curve wide leg elastic waist pants in black,Black,Noisy May Curve,https://images.asos-media.com/products/noisy-may-curve-wide-leg-elastic-waist-pants-in-black/205989181-1-black
206029250,ASOS DESIGN ribbed tank midi dress with broderie skirt in charcoal gray,Charcoal gray,ASOS DESIGN,https://images.asos-media.com/products/asos-design-ribbed-tank-midi-dress-with-broderie-skirt-in-charcoal-gray/206029250-1-charcoalgrey
206032512,Daisy Street cross back midi cami dress in pink ditsy print,Multi,Daisy Street,https://images.asos-media.com/products/daisy-street-cross-back-midi-cami-dress-in-pink-ditsy-print/206032512-1-multi
206037032,Noisy May maxi T-shirt dress in washed gray,Charcoal gray,Noisy May,https://images.asos-media.com/products/noisy-may-maxi-t-shirt-dress-in-washed-gray/206037032-1-charcoalgray
206112589,ASOS DESIGN bodycon one shoulder mini dress in ivory,IVORY,ASOS DESIGN,https://images.asos-media.com/products/asos-design-bodycon-one-shoulder-mini-dress-in-ivory/206112589-1-ivory
206116044,ASOS DESIGN Weekend Collective simple logo white T-shirt,WHITE,ASOS WEEKEND COLLECTIVE,https://images.asos-media.com/products/asos-design-weekend-collective-simple-logo-white-t-shirt/206116044-1-white
206271705,ASOS DESIGN asymmetric neckline mini dress in navy,NAVY,ASOS DESIGN,https://images.asos-media.com/products/asos-design-asymmetric-neckline-mini-dress-in-navy/206271705-1-navy
206308038,Only eyelet detail cropped blouse in black,Black,ONLY,https://images.asos-media.com/products/only-eyelet-detail-cropped-blouse-in-black/206308038-1-black
206315948,ASOS DESIGN cami with tie front bodice full skirt midi dress in blue,BLUE,ASOS DESIGN,https://images.asos-media.com/products/asos-design-cami-with-tie-front-bodice-full-skirt-midi-dress-in-blue/206315948-1-blue
206323692,ASOS DESIGN satin tie side mini skirt in black - part of a set,black,ASOS DESIGN,https://images.asos-media.com/products/asos-design-satin-tie-side-mini-skirt-in-black-part-of-a-set/206323692-1-black
206353913,ASOS DESIGN modesty plisse wrap neck long sleeve maxi dress in rust,RUST,ASOS DESIGN,https://images.asos-media.com/products/asos-design-modesty-plisse-wrap-neck-long-sleeve-maxi-dress-in-rust/206353913-1-rust
206364051,ASOS DESIGN satin ruched maxi skirt in blush - part of a set,blush,ASOS DESIGN,https://images.asos-media.com/products/asos-design-satin-ruched-maxi-skirt-in-blush-part-of-a-set/206364051-1-blush
206364091,ASOS DESIGN satin ruched cami top in blush - part of a set,blush,ASOS DESIGN,https://images.asos-media.com/products/asos-design-satin-ruched-cami-top-in-blush-part-of-a-set/206364091-1-blush
206372790,ASOS DESIGN mini linen mix bandeau sundress in blue,BLUE,ASOS DESIGN,https://images.asos-media.com/products/asos-design-mini-linen-mix-bandeau-sundress-in-blue/206372790-1-blue
206379011,ASOS DESIGN button down linen look midi dress with full skirt spot print,Spot Print,ASOS DESIGN,https://images.asos-media.com/products/asos-design-button-down-linen-look-midi-dress-with-full-skirt-spot-print/206379011-1-spotprint
206399872,Pieces one shoulder top in white,WHITE,Pieces,https://images.asos-media.com/products/pieces-one-shoulder-top-in-white/206399872-1-white
206400435,Pieces frill cami maxi dress in cream orange print,Orange print,Pieces,https://images.asos-media.com/products/pieces-frill-cami-maxi-dress-in-cream-orange-print/206400435-1-orangeprint
206419712,ASOS DESIGN satin tuck detail maxi dress with ruched detail in red,RED,ASOS DESIGN,https://images.asos-media.com/products/asos-design-satin-tuck-detail-maxi-dress-with-ruched-detail-in-red/206419712-1-red
206423692,Object wide leg pants in tea green,Tea,Object,https://images.asos-media.com/products/object-wide-leg-pants-in-tea-green/206423692-1-tea
206473218,ASOS DESIGN U Scoop mini dress in blue panelled stripe,Multi Stripe,ASOS DESIGN,https://images.asos-media.com/products/asos-design-u-scoop-mini-dress-in-blue-panelled-stripe/206473218-1-multistripe
206485200,ASOS DESIGN second skin short sleeve scoop back midi dress in brown,Chocolate,ASOS DESIGN,https://images.asos-media.com/products/asos-design-second-skin-short-sleeve-scoop-back-midi-dress-in-brown/206485200-1-chocolate
206522926,Bershka poplin volume mini skirt in white,WHITE,Bershka,https://images.asos-media.com/products/bershka-poplin-volume-mini-skirt-in-white/206522926-1-white
206589194,ASOS DESIGN high low hem cut out dress with twist strap in black,Black,ASOS DESIGN,https://images.asos-media.com/products/asos-design-high-low-hem-cut-out-dress-with-twist-strap-in-black/206589194-1-black
206613867,Stradivarius boat neck top with ruched detail in khaki,Khaki,Stradivarius,https://images.asos-media.com/products/stradivarius-boat-neck-top-with-ruched-detail-in-khaki/206613867-1-khaki
206718177,Pull&Bear tailored mini skirt with belted wrap detail in blue,BLUE,Pull&Bear,https://images.asos-media.com/products/pullbear-tailored-mini-skirt-with-belted-wrap-detail-in-blue/206718177-1-blue
205721163,Bailey Rose 90s satin cami mini dress with contrast lace,Chocolate,Bailey Rose,https://images.asos-media.com/products/bailey-rose-90s-satin-cami-mini-dress-with-contrast-lace/205721163-1-chocolate
205658149,ASOS Weekend Collective sweatpants with brown round logo in oatmeal - part of a set,Oatmeal marl,ASOS WEEKEND COLLECTIVE,https://images.asos-media.com/products/asos-weekend-collective-sweatpants-with-brown-round-logo-in-oatmeal-part-of-a-set/205658149-1-oatmealmarl
205736729,ASOS Weekend Collective baggy fit jeans in mid blue wash,Mid blue wash,ASOS WEEKEND COLLECTIVE,https://images.asos-media.com/products/asos-weekend-collective-baggy-fit-jeans-in-mid-blue-wash/205736729-1-midbluewash
206000670,ASOS DESIGN raw hem longline shorts in gray heather,Ice Marl,ASOS DESIGN,https://images.asos-media.com/products/asos-design-raw-hem-longline-shorts-in-gray-heather/206000670-1-icemarl
206023160,ASOS DESIGN sweatshirt fabric running shorts in washed blue,WASHED INDIGO BLUE,ASOS DESIGN,https://images.asos-media.com/products/asos-design-sweatshirt-fabric-running-shorts-in-washed-blue/206023160-1-washedindigoblue
206029343,Anaya tie back maxi dress in multi stripe,Summer stripe,Anaya,https://images.asos-media.com/products/anaya-tie-back-maxi-dress-in-multi-stripe/206029343-1-summerstripe
206159266,Vero Moda halterneck maxi dress in mixed floral print,PINK,Vero Moda,https://images.asos-media.com/products/vero-moda-halterneck-maxi-dress-in-mixed-floral-print/206159266-1-pink
206159504,Vero Moda ribbed tank mini dress in black,Black,Vero Moda,https://images.asos-media.com/products/vero-moda-ribbed-tank-mini-dress-in-black/206159504-1-black
206291921,Vila linen touch bomber jacket in natural heather,Natural melange,Vila,https://images.asos-media.com/products/vila-linen-touch-bomber-jacket-in-natural-heather/206291921-1-naturalmelange
206301079,Vero Moda v neck eyelet jersey maxi dress in yellow,Mellow Yellow,Vero Moda,https://images.asos-media.com/products/vero-moda-v-neck-eyelet-jersey-maxi-dress-in-yellow/206301079-1-mellowyellow
206301081,Vero Moda wrap front mini dress in light blue floral,LIGHT BLUE,Vero Moda,https://images.asos-media.com/products/vero-moda-wrap-front-mini-dress-in-light-blue-floral/206301081-1-lightblue
206301305,Vero Moda knit racer neck swing dress in yellow,Mellow Yellow,Vero Moda,https://images.asos-media.com/products/vero-moda-knit-racer-neck-swing-dress-in-yellow/206301305-1-mellowyellow
206301417,Vero Moda knit racer neck swing dress in navy,Navy blazer,Vero Moda,https://images.asos-media.com/products/vero-moda-knit-racer-neck-swing-dress-in-navy/206301417-1-navyblazer
206301504,Vero Moda Petite knit racer swing dress in yellow,Mellow Yellow,Vero Moda Petite,https://images.asos-media.com/products/vero-moda-petite-knit-racer-swing-dress-in-yellow/206301504-1-mellowyellow
206301873,Vero Moda one shoulder ribbed jersey maxi dress in golden orange,ORANGE,Vero Moda,https://images.asos-media.com/products/vero-moda-one-shoulder-ribbed-jersey-maxi-dress-in-golden-orange/206301873-1-orange
206301925,Vero Moda crochet top in cream,CREAM,Vero Moda,https://images.asos-media.com/products/vero-moda-crochet-top-in-cream/206301925-1-cream
206399921,Pieces mini shirt dress with tie waist in animal print,ANIMAL,Pieces,https://images.asos-media.com/products/pieces-mini-shirt-dress-with-tie-waist-in-animal-print/206399921-1-animal
206400205,Pieces scoop neck maxi dress in black,Black,Pieces,https://images.asos-media.com/products/pieces-scoop-neck-maxi-dress-in-black/206400205-1-black
206400334,Pieces woven mini skirt with contrast stitching in black,Black,Pieces,https://images.asos-media.com/products/pieces-woven-mini-skirt-with-contrast-stitching-in-black/206400334-1-black
206400735,Pieces Petite frill cami maxi dress in blue ditsy floral,Blue ditsy,Pieces Petite,https://images.asos-media.com/products/pieces-petite-frill-cami-maxi-dress-in-blue-ditsy-floral/206400735-1-blueditsy
206423774,Object fine knit open tie side tank top in tea green stripe,Tea,Object,https://images.asos-media.com/products/object-fine-knit-open-tie-side-tank-top-in-tea-green-stripe/206423774-1-tea
206517240,Vero Moda strappy maxi dress in poppy red,Red,Vero Moda,https://images.asos-media.com/products/vero-moda-strappy-maxi-dress-in-poppy-red/206517240-1-red
206543380,Object wide leg fluid pants in snake print - part of a set,Raven AOP,Object,https://images.asos-media.com/products/object-wide-leg-fluid-pants-in-snake-print-part-of-a-set/206543380-1-ravenaop
205676429,Topshop Petite denim comfort stretch shorts in bleach,Vintage blue,Topshop Petite,https://images.asos-media.com/products/topshop-petite-denim-comfort-stretch-shorts-in-bleach/205676429-1-vintageblue
205737215,ASOS DESIGN washed oversized tank with drop arm hole in washed sage,Washed khaki,ASOS DESIGN,https://images.asos-media.com/products/asos-design-washed-oversized-tank-with-drop-arm-hole-in-washed-sage/205737215-1-washedkhaki
206400403,Pieces towelling beach shorts in orange,ORANGE,Pieces,https://images.asos-media.com/products/pieces-towelling-beach-shorts-in-orange/206400403-1-orange
206400812,Pieces Tall frill bottom maxi dress in khaki,Khaki,Pieces Tall,https://images.asos-media.com/products/pieces-tall-frill-bottom-maxi-dress-in-khaki/206400812-1-khaki
206460264,ASOS DESIGN micro jersey shorts in black,Black,ASOS DESIGN,https://images.asos-media.com/products/asos-design-micro-jersey-shorts-in-black/206460264-1-black
205168419,I Saw It First sweetheart neckline mini skater dress in black spot print,Black,I Saw It First,https://images.asos-media.com/products/i-saw-it-first-sweetheart-neckline-mini-skater-dress-in-black-spot-print/205168419-1-black
205327473,Abercrombie & Fitch sloane wide leg pants in black,Black,Abercrombie & Fitch,https://images.asos-media.com/products/abercrombie-fitch-sloane-wide-leg-pants-in-black/205327473-1-black
205882659,SNDYS fine knit sequin low back cami maxi dress in baby blue,Baby blue,SNDYS,https://images.asos-media.com/products/sndys-fine-knit-sequin-low-back-cami-maxi-dress-in-baby-blue/205882659-1-babyblue
205882668,SNDYS satin one shoulder ruched maxi dress in black,Black,SNDYS,https://images.asos-media.com/products/sndys-satin-one-shoulder-ruched-maxi-dress-in-black/205882668-1-black
205882791,SNDYS one shoulder strappy back cut out detail thigh split maxi dress in white,WHITE,SNDYS,https://images.asos-media.com/products/sndys-one-shoulder-strappy-back-cut-out-detail-thigh-split-maxi-dress-in-white/205882791-1-white
205882830,SNDYS halterneck backless top in white,WHITE,SNDYS,https://images.asos-media.com/products/sndys-halterneck-backless-top-in-white/205882830-1-white
205914120,Heiress Beverly Hills exclusive premium all over diamante bodycon tube maxi dress in orange,ORANGE,Heiress Beverly Hills,https://images.asos-media.com/products/heiress-beverly-hills-exclusive-premium-all-over-diamante-bodycon-tube-maxi-dress-in-orange/205914120-1-orange
205914224,Heiress Beverly Hills premium diamante strap cut out mesh detail maxi dress in white,WHITE,Heiress Beverly Hills,https://images.asos-media.com/products/heiress-beverly-hills-premium-diamante-strap-cut-out-mesh-detail-maxi-dress-in-white/205914224-1-white
205971745,Farai London Alamea mesh backless long sleeve bodycon midi dress in blue and orange ombre,Multi,Farai London,https://images.asos-media.com/products/farai-london-alamea-mesh-backless-long-sleeve-bodycon-midi-dress-in-blue-and-orange-ombre/205971745-1-multi
205972971,Farai London Fleur mesh long sleeve top in magenta ombre,Multi,Farai London,https://images.asos-media.com/products/farai-london-fleur-mesh-long-sleeve-top-in-magenta-ombre/205972971-1-multi
206132352,Murci bandeau lace up mini dress in white,WHITE,Murci,https://images.asos-media.com/products/murci-bandeau-lace-up-mini-dress-in-white/206132352-1-white
206132456,Murci deep cowl neck fishtail maxi dress in fuchsia,Fuchsia,Murci,https://images.asos-media.com/products/murci-deep-cowl-neck-fishtail-maxi-dress-in-fuchsia/206132456-1-fuchsia
206132486,Murci exclusive mesh deep plunge ruffle trim high low maxi dress in pink,PINK,Murci,https://images.asos-media.com/products/murci-exclusive-mesh-deep-plunge-ruffle-trim-high-low-maxi-dress-in-pink/206132486-1-pink
206132510,Murci exclusive diamante cut out long sleeve maxi dress in white,WHITE,Murci,https://images.asos-media.com/products/murci-exclusive-diamante-cut-out-long-sleeve-maxi-dress-in-white/206132510-1-white
206132544,Murci mesh frill detail lace up plunge ultra mini dress in pink,PINK,Murci,https://images.asos-media.com/products/murci-mesh-frill-detail-lace-up-plunge-ultra-mini-dress-in-pink/206132544-1-pink
205721092,Bailey Rose drop waist 90s mini dress in black lace,Black,Bailey Rose,https://images.asos-media.com/products/bailey-rose-drop-waist-90s-mini-dress-in-black-lace/205721092-1-black
205721118,Bailey Rose micro denim mini skirt with Y2K detail,DENIM,Bailey Rose,https://images.asos-media.com/products/bailey-rose-micro-denim-mini-skirt-with-y2k-detail/205721118-1-denim
205496737,COLLUSION crinkle bandeau bikini top in black - part of a set,Black,Collusion,https://images.asos-media.com/products/collusion-crinkle-bandeau-bikini-top-in-black-part-of-a-set/205496737-1-black
205533019,Sixth June mini skirt in beige - part of a set,beige,Sixth June,https://images.asos-media.com/products/sixth-june-mini-skirt-in-beige-part-of-a-set/205533019-1-beige
205971714,Farai London Clio mesh long sleeve top and mini skirt set in white and teal brushstroke,Multi,Farai London,https://images.asos-media.com/products/farai-london-clio-mesh-long-sleeve-top-and-mini-skirt-set-in-white-and-teal-brushstroke/205971714-1-multi
205532994,Sixth June mini skirt in pink - part of a set,PINK,Sixth June,https://images.asos-media.com/products/sixth-june-mini-skirt-in-pink-part-of-a-set/205532994-1-pink
205859520,Kaiia textured bandeau maxi dress in peach,Peach,Kaiia,https://images.asos-media.com/products/kaiia-textured-bandeau-maxi-dress-in-peach/205859520-1-peach
205914003,Heiress Beverly Hills exclusive premium corsage extreme plunge ruffle detail drape mini dress in white,WHITE,Heiress Beverly Hills,https://images.asos-media.com/products/heiress-beverly-hills-exclusive-premium-corsage-extreme-plunge-ruffle-detail-drape-mini-dress-in-white/205914003-1-white
205920714,ASOS DESIGN Tall 90s straight jeans in bromo,Bright mid blue,ASOS Tall,https://images.asos-media.com/products/asos-design-tall-90s-straight-jeans-in-bromo/205920714-1-brightmidblue
205496710,COLLUSION ruched tie side bikini bottoms in green - part of a set,GREEN,Collusion,https://images.asos-media.com/products/collusion-ruched-tie-side-bikini-bottoms-in-green-part-of-a-set/205496710-1-green
205496756,COLLUSION crinkle high leg sporty bikini bottoms in black - part of a set,Black,Collusion,https://images.asos-media.com/products/collusion-crinkle-high-leg-sporty-bikini-bottoms-in-black-part-of-a-set/205496756-1-black
205664614,COLLUSION relaxed wide leg tailored pants in stone,STONE,Collusion,https://images.asos-media.com/products/collusion-relaxed-wide-leg-tailored-pants-in-stone/205664614-1-stone
205914029,Heiress Beverly Hills exclusive premium all over diamante mesh detail long sleeve maxi dress in beige,BEIGE,Heiress Beverly Hills,https://images.asos-media.com/products/heiress-beverly-hills-exclusive-premium-all-over-diamante-mesh-detail-long-sleeve-maxi-dress-in-beige/205914029-1-beige
205914094,Heiress Beverly Hills exclusive premium lace drape corset mini dress in pink,PINK,Heiress Beverly Hills,https://images.asos-media.com/products/heiress-beverly-hills-exclusive-premium-lace-drape-corset-mini-dress-in-pink/205914094-1-pink
206145905,ASOS DESIGN Tall wide leg dad pants with linen in taupe,Taupe,ASOS Tall,https://images.asos-media.com/products/asos-design-tall-wide-leg-dad-pants-with-linen-in-taupe/206145905-1-taupe
206275278,ASOS DESIGN pull-on pants with tie side with linen in print,Multi,ASOS DESIGN,https://images.asos-media.com/products/asos-design-pull-on-pants-with-tie-side-with-linen-in-print/206275278-1-multi
205914076,Heiress Beverly Hills premium lace bandeau corset thigh split maxi dress in white,WHITE,Heiress Beverly Hills,https://images.asos-media.com/products/heiress-beverly-hills-premium-lace-bandeau-corset-thigh-split-maxi-dress-in-white/205914076-1-white
206145960,ASOS DESIGN wide leg dad pants with linen in cream,Cream,ASOS DESIGN,https://images.asos-media.com/products/asos-design-wide-leg-dad-pants-with-linen-in-cream/206145960-1-cream
205914055,Heiress Beverly Hills exclusive premium crepe corset detail a line mini dress in light yellow,Light Yellow,Heiress Beverly Hills,https://images.asos-media.com/products/heiress-beverly-hills-exclusive-premium-crepe-corset-detail-a-line-mini-dress-in-light-yellow/205914055-1-lightyellow
205914156,Heiress Beverly Hills premium linen look corset petal detail mini dress in black,Black,Heiress Beverly Hills,https://images.asos-media.com/products/heiress-beverly-hills-premium-linen-look-corset-petal-detail-mini-dress-in-black/205914156-1-black
