code,name,defaultArticle.color.text,images
1002227_group_001,Cargo Joggers,Black,https://image.hm.com/assets/hm/ea/d7/ead79a8422df6e29abb8e0057c7dbf2d6658bf4c.jpg
0976709_group_003,Slim Fit Easy-iron Shirt,Black,https://image.hm.com/assets/hm/1f/2c/1f2cbaabf4c3a97674acbfa042b2b90227380fc8.jpg
1227155_group_001,Slim Fit Ribbed Tank Top,White,https://image.hm.com/assets/hm/75/9c/759c106a2e4dfa89df34ca8eb624a1fa56ecde41.jpg
1226050_group_005,Regular Fit Crochet-look Resort Shirt,Dark beige,https://image.hm.com/assets/hm/58/7d/587d9030eb712583c637cd14933a2025a84e7143.jpg
0956308_group_031,Regular Fit Sweatshorts,Light gray melange,https://image.hm.com/assets/hm/88/83/8883be3f79a1e8faf88fcbb44d7fd9061ef82741.jpg
1064346_group_019,Regular Fit Linen-blend Pants,White,https://image.hm.com/assets/hm/bb/79/bb79892f3ca98c59acdc959168fa7501c686c057.jpg
1207768_group_002,Loose Fit Short-sleeved Linen-blend Shirt,White,https://image.hm.com/assets/hm/71/1e/711e17cf3ef78b2d989c61751f601bd4a972364d.jpg
0965257_group_012,Regular Fit Linen-blend Shirt,Light beige,https://image.hm.com/assets/hm/d5/9a/d59a0a9ccd4cc6ddeff0ffec007ae718b82e70fe.jpg
1224295_group_011,Regular Fit Sweatshorts,Light pink,https://image.hm.com/assets/hm/2d/d3/2dd3e72fc4c0e4aea687a990a2c57f5bf2fbdaf6.jpg
0979945_group_001,Loose Jeans,Light denim blue,https://image.hm.com/assets/hm/3e/8c/3e8c6db8ed6f2e1f1186906c1403985a3a7859d1.jpg
1064346_group_020,Regular Fit Linen-blend Pants,Sage green,https://image.hm.com/assets/hm/51/9a/519a561cca639a0b67e13ca89564f987c1c8b003.jpg
1207768_group_001,Loose Fit Short-sleeved Linen-blend Shirt,Black,https://image.hm.com/assets/hm/97/02/9702a4a8c6b6e799faa456eb0b36bd875e97977a.jpg
0965257_group_027,Regular Fit Linen-blend Shirt,Beige/white striped,https://image.hm.com/assets/hm/a6/5d/a65df46f86aacea6810db45ec34ad818cad86370.jpg
1130309_group_011,Baggy Jeans,Denim blue,https://image.hm.com/assets/hm/4a/8f/4a8fa97579a7827b8fdc34d37448339aca36a204.jpg
0598755_group_002,Long Regular Fit T-shirt,White,https://image.hm.com/assets/hm/15/b8/15b8c662780bc19036307d3b57aa70b52f223bf6.jpg
1219663_group_001,Regular Fit Pointelle-knit T-shirt,Black,https://image.hm.com/assets/hm/7b/28/7b28bff8ec8e7dc9f0bc8768b70215a623f62c13.jpg
1003662_group_002,Loose Fit T-shirt,Black,https://image.hm.com/assets/hm/a9/dc/a9dc669589ad414b8442a37f29441cd45675fbe1.jpg
1231659_group_002,Regular Fit Waffled Polo Shirt,Cream,https://image.hm.com/assets/hm/a5/93/a59385f75e8db1455d9de67b30f9d7820c13cb81.jpg
0965257_group_022,Regular Fit Linen-blend Shirt,Black,https://image.hm.com/assets/hm/f7/fc/f7fc4504943c0e170725142acbb5374d2c14f4c4.jpg
1062247_group_001,Regular Fit Nylon Cargo Shorts,Black,https://image.hm.com/assets/hm/a3/7d/a37db012d5f826763fece602dab3c7d44d8911c0.jpg
1236475_group_002,Loose Fit Washed T-shirt,Dark gray,https://image.hm.com/assets/hm/a5/23/a5239beca5b5b099694a31cf95a0a669617bf9cb.jpg
0972640_group_075,Loose Fit T-shirt,White/Discovery Channel,https://image.hm.com/assets/hm/81/8c/818cd0bba7795270b30853b6d44564276af4772e.jpg
1024256_group_001,Slim Jeans,Black,https://image.hm.com/assets/hm/d2/b6/d2b600f3bcfc2f061a1e7ec6353fa0e0bcd2f092.jpg
0735094_group_006,Muscle Fit Cotton Shirt,Light gray,https://image.hm.com/assets/hm/cb/3d/cb3d878f22bc92eddb4b15c5603c67fa23c24d7e.jpg
0735094_group_011,Muscle Fit Cotton Shirt,Black,https://image.hm.com/assets/hm/e2/7f/e27f90e9a2ef07b593bd41dbe71184ef46d10609.jpg
1130309_group_007,Baggy Jeans,Dark denim gray,https://image.hm.com/assets/hm/a9/c9/a9c948b779d1d73c401e3dc5325a9ddf8bc82f0a.jpg
1219097_group_002,Regular Fit Linen Shorts,Black,https://image.hm.com/assets/hm/f3/66/f366d042aa7b49b47ab454d4e814e3cde01c3e91.jpg
0979945_group_038,Loose Jeans,Denim gray,https://image.hm.com/assets/hm/41/d4/41d4333d220a88fa7c8bdab5e543b977771266f9.jpg
1213473_group_001,Regular Fit Linen-blend Shirt,White,https://image.hm.com/assets/hm/5f/34/5f34438232cc78b749fbc5adeaf3a4355fad3df3.jpg
1207932_group_001,Regular Fit Knit T-shirt,Light beige,https://image.hm.com/assets/hm/30/0c/300cd96abc192f922c066f9359171dddbc479c77.jpg
0979945_group_003,Loose Jeans,Black,https://image.hm.com/assets/hm/a3/65/a3653aa0145a6408e8798410621cb1fc4f704c2b.jpg
1101074_group_001,Slim Fit Pima Cotton T-shirt,White,https://image.hm.com/assets/hm/35/f7/35f73f439f9414faa189d4de0e6506ad21ac7a36.jpg
1213473_group_003,Regular Fit Linen-blend Shirt,Navy blue,https://image.hm.com/assets/hm/b6/bf/b6bf8366765203bab5f076fe27d5ec71b1c77e6f.jpg
1101074_group_002,Slim Fit Pima Cotton T-shirt,Black,https://image.hm.com/assets/hm/c3/74/c37415154f2d7e6fdd5f305e120bfc96ff3e6299.jpg
1175223_group_001,Relaxed Fit Piqué Polo Shirt,Black,https://image.hm.com/assets/hm/33/d9/33d90e1a477bd56cd9495cf0553399fad3621cdb.jpg
1153494_group_010,Regular Fit Chino Shorts,Beige,https://image.hm.com/assets/hm/f6/77/f677a6aab0df3447d0d6f6ab3146b1a78a7b5048.jpg
1002227_group_002,Cargo Joggers,Khaki green,https://image.hm.com/assets/hm/2d/8a/2d8a0ff67d37c3916b74961f71746d57b8447ca2.jpg
1130274_group_013,Loose Jeans,Light denim blue,https://image.hm.com/assets/hm/ff/45/ff45c93ccbe1baa8d99a3af3a417fb107ceae6d7.jpg
1130309_group_019,Baggy Jeans,Light denim blue,https://image.hm.com/assets/hm/9d/ab/9dabe220ab271eeb3840823fb662871526612ba1.jpg
1207932_group_002,Regular Fit Knit T-shirt,Black,https://image.hm.com/assets/hm/65/cf/65cf6ea175b83478c5e5767b1cf142fd668b0c0c.jpg
1236592_group_002,Wide Jeans,Black,https://image.hm.com/assets/hm/92/7a/927a8d01195f4e3fcfa0841fc2e0cf0715d1589e.jpg
1229332_group_001,Loose Fit Pleated Shirt,Black,https://image.hm.com/assets/hm/51/be/51be21ddee4f86cd290c21156c8b99b07b2eb31c.jpg
1219357_group_001,Regular Fit Pointelle-knit Shirt,Navy blue,https://image.hm.com/assets/hm/45/55/45559800cfe96aa0df1fa57e466cedae2ae56686.jpg
1165059_group_006,Relaxed Fit Linen Resort Shirt,Navy blue,https://image.hm.com/assets/hm/69/4f/694f8ebe5ce6d7a95b201138153094c18b557b81.jpg
1073567_group_001,Relaxed Fit Cotton Cargo Joggers,Black,https://image.hm.com/assets/hm/ec/b1/ecb1be54228c1d9961bf710bafc2f0d8accd462a.jpg
0957102_group_001,Muscle Fit Polo shirt,Black,https://image.hm.com/assets/hm/a0/e7/a0e74fe07fd8cb24d0aa3366705ae7cef59ff967.jpg
1165059_group_007,Relaxed Fit Linen Resort Shirt,White,https://image.hm.com/assets/hm/03/9a/039addc0e58248b1a31cb0ba6f1d4601c0a54d43.jpg
0993173_group_001,Muscle Fit Band-collar Shirt,White,https://image.hm.com/assets/hm/f9/2b/f92b87f6a4658d7a7783c26b368dadd738f89a03.jpg
0944370_group_035,Swim Shorts,Sage green,https://image.hm.com/assets/hm/2a/9a/2a9ac7bf14feb173fc7726cdf7acb7a0a016737d.jpg
1175223_group_004,Relaxed Fit Piqué Polo Shirt,Light blue,https://image.hm.com/assets/hm/0f/06/0f0629f5ea99904ee08a203b01ba79dc9ac084ad.jpg
1008549_group_006,Straight Regular Jeans,Black,https://image.hm.com/assets/hm/98/95/9895bda40e87ba0de3bbc035c673f9215d2258eb.jpg
1219297_group_006,Slim Fit Linen Suit Pants,Dark beige,https://image.hm.com/assets/hm/eb/28/eb28c996f3b65e20bdf182e2d082016e61aa469c.jpg
1218666_group_003,Regular Fit Linen-blend Resort Shirt,Beige/striped,https://image.hm.com/assets/hm/ae/27/ae276b1bc96aa5bddaff0b8cb6ffae66cf81bc7a.jpg
0948441_group_003,COOLMAX® Loose Fit T-shirt,White,https://image.hm.com/assets/hm/4a/d6/4ad6e1b8dfb62833f2c43d66958ebb5358b9fc0b.jpg
1223110_group_003,Regular Fit Printed Resort Shirt,Navy blue/leaves,https://image.hm.com/assets/hm/6a/8f/6a8f3c136d84dba3529583593edeeb197e1872e2.jpg
1226050_group_001,Regular Fit Crochet-look Resort Shirt,Black,https://image.hm.com/assets/hm/70/d6/70d68b229c2d196d1455f5c2011474dd7ec339ff.jpg
1224142_group_001,Loafers,Beige,https://image.hm.com/assets/hm/d2/56/d2561d84626e3fdee6066f86bd57a08194d7f9aa.jpg
0570002_group_001,Slim Fit T-shirt,Black,https://image.hm.com/assets/hm/09/58/0958cc08f86b7127b5dd8e0d0091824a337b6588.jpg
1218666_group_002,Regular Fit Linen-blend Resort Shirt,Light blue/white striped,https://image.hm.com/assets/hm/64/5d/645da6d33d00dff6c973409498e0165435c0f35e.jpg
1207916_group_001,Loose Fit Pointelle-knit Polo Shirt,Cream,https://image.hm.com/assets/hm/39/96/3996c4d2baf66d18037de77cb71ba544c58e7e74.jpg
1008549_group_001,Straight Regular Jeans,Light denim blue,https://image.hm.com/assets/hm/11/f1/11f1da0f4ffb3bda9564e09473484288ffbe29c5.jpg
1207911_group_001,Regular Fit Fine-knit Polo Shirt,Black/striped,https://image.hm.com/assets/hm/88/e1/88e1ea0d8f847e2d8ffeee4f0b9b27effeb4f845.jpg
1002227_group_011,Cargo Joggers,Beige,https://image.hm.com/assets/hm/17/8a/178a9b720681ef75eb8a2a95904283a3a5f8854c.jpg
1207935_group_001,Regular Fit Crochet-look Resort Shirt,White,https://image.hm.com/assets/hm/78/3c/783cf1ed643a566a5c7ed99fecd2e0ce9be67b77.jpg
1028144_group_001,Relaxed Fit Short-sleeved Shirt,Black,https://image.hm.com/assets/hm/4f/e1/4fe163b84c812659fe47b5177d8bca8551be4c39.jpg
1238203_group_002,Loose Fit Printed T-shirt,Light blue/skateboarder,https://image.hm.com/assets/hm/c3/6f/c36f9f0e06e13283800282bf93944810e85f2f72.jpg
1157660_group_006,Loose Cargo Denim Joggers,Light denim gray,https://image.hm.com/assets/hm/34/37/343705f290f6122e1640dae111147536b8cc6e13.jpg
0578630_group_003,3-pack Slim Fit T-shirts,Black,https://image.hm.com/assets/hm/30/21/30217c66660ea1d25500a857632da9e63bf281de.jpg
0570033_group_002,Regular Fit Tank Top,White,https://image.hm.com/assets/hm/8c/f7/8cf76ae921d1c4df8dace22cec55b006a9ebe044.jpg
1074402_group_001,Slim Fit Cotton Twill Pants,Black,https://image.hm.com/assets/hm/cd/d7/cdd7aea4d00fc65196abef349fa469ee23b3d22b.jpg
1215865_group_002,Sporty Loafers,Beige,https://image.hm.com/assets/hm/37/1d/371deb34cd01ab272713624101879d022ac1517d.jpg
1165059_group_010,Relaxed Fit Linen Resort Shirt,Blue,https://image.hm.com/assets/hm/cb/b3/cbb3db55609900b529f06f47fc495c7126f53e6f.jpg
0735094_group_002,Muscle Fit Cotton Shirt,White,https://image.hm.com/assets/hm/c7/d4/c7d49cef60f9d196d2f5347815f416bba7d4b636.jpg
1212180_group_001,Slim Fit Linen Shirt,White,https://image.hm.com/assets/hm/74/1f/741f6f3f0c79317b08b4c6bed65bb528065806ca.jpg
1218666_group_004,Regular Fit Linen-blend Resort Shirt,Green/striped,https://image.hm.com/assets/hm/08/94/08944cef53cc6baa34875da1413b89ec1ae7db89.jpg
1216809_group_003,3-pack Regular Fit Polo Shirts,Beige/sage green,https://image.hm.com/assets/hm/13/93/139360322c56e51ff0b03859cc037b994c507125.jpg
0735094_group_017,Muscle Fit Cotton Shirt,Light blue,https://image.hm.com/assets/hm/07/c9/07c92142371ad895b45feb04932ba1e89acd0cdb.jpg
0624684_group_036,5-pack Slim Fit T-shirts,Khaki green,https://image.hm.com/assets/hm/d6/19/d619d9c9fef0794199cb0ba5c1bb581b0cee52e9.jpg
0944370_group_033,Swim Shorts,Black,https://image.hm.com/assets/hm/53/e6/53e6dbccb7a06a0d875217791b48d5a4c3c1def7.jpg
1127680_group_002,Regular Fit Chino Shorts,Light beige,https://image.hm.com/assets/hm/87/ff/87fff01d952a634356774231fc00acf363545cab.jpg
0841808_group_002,Slim Fit Shirt,Black,https://image.hm.com/assets/hm/ce/b4/ceb46f7bb3c8e3d1e6c8e2736a026802482d7645.jpg
0948441_group_004,COOLMAX® Loose Fit T-shirt,Black,https://image.hm.com/assets/hm/83/94/8394fccd401abaf8f67610709a4d96a54bd6b6d4.jpg
1236475_group_001,Loose Fit Washed T-shirt,Beige,https://image.hm.com/assets/hm/ae/31/ae31f88faf61cac8dd5d320a366fd2b41b4a4387.jpg
1213293_group_002,Regular Fit Pique T-shirt,Navy blue,https://image.hm.com/assets/hm/a7/8e/a78e6c30d69a661aa857bc40c133e107a34df905.jpg
1130274_group_012,Loose Jeans,Denim black,https://image.hm.com/assets/hm/c4/a9/c4a9015a1104dde784b870add03b5231d1fec970.jpg
1054308_group_001,Slim Fit Cotton Twill Shorts,Black,https://image.hm.com/assets/hm/c9/00/c90057f836803a662b9ca330dacdc40f32c0a361.jpg
0841808_group_001,Slim Fit Shirt,White,https://image.hm.com/assets/hm/74/88/748812fae326b62a0a574bdde35ecad7954985bb.jpg
1157660_group_005,Loose Cargo Denim Joggers,Navy blue,https://image.hm.com/assets/hm/c8/91/c89106a7384aec97b173cdc867f9e77dc741ff87.jpg
0395127_group_043,Slim Fit Premium Cotton Shirt,White,https://image.hm.com/assets/hm/11/d5/11d541852878a2d16dd44c607f25686ad6eb9c54.jpg
1062247_group_010,Regular Fit Nylon Cargo Shorts,Navy blue,https://image.hm.com/assets/hm/e7/fa/e7fa1b1261a78ead0520afb8cb17935fd6a72db7.jpg
1213293_group_001,Regular Fit Pique T-shirt,Light beige,https://image.hm.com/assets/hm/05/1d/051db7393f84b63a9cf9f1af3a3ea7e3f3e99a06.jpg
1229322_group_002,Loose Fit Cargo Jeans,Black,https://image.hm.com/assets/hm/09/ad/09adb21129d5351e00e9387a1abda2ffa5bd06aa.jpg
1055766_group_008,Mule Loafers,Beige/zigzag-patterned,https://image.hm.com/assets/hm/0a/ec/0aec35ba48aa60faa54eb932e7a2e207028b2c4f.jpg
1229322_group_001,Loose Fit Cargo Jeans,Denim blue,https://image.hm.com/assets/hm/fc/38/fc382304cef5c2a33a9a5a1b3c8cfc2e2c056f8b.jpg
1130274_group_011,Loose Jeans,Light denim blue,https://image.hm.com/assets/hm/2c/77/2c77a9ff7cf1bc0cd4f2c2c94c23cff06ea3d555.jpg
1224157_group_001,Sandals,Black,https://image.hm.com/assets/hm/c5/26/c526f932a2feea4b545f0413985d6b539c8b7f3d.jpg
1096385_group_002,Loose Jeans,Dark denim blue,https://image.hm.com/assets/hm/31/6e/316ef8d3747079da7e2bd1b75f3e5825142f8c5d.jpg
1089412_group_001,Regular Fit Ripstop Cargo Pants,Black,https://image.hm.com/assets/hm/18/74/18746823ff2249afa0ce6f04c78d7512593d2cca.jpg
1218128_group_002,Regular Fit Textured-weave Resort Shirt,Cream,https://image.hm.com/assets/hm/d8/5e/d85e59d2ddaafa4cacb9be68c0e45263666f6ffb.jpg
1128251_group_002,Espadrilles,Gray,https://image.hm.com/assets/hm/e8/02/e8028d4d5f0967f6d6299aa3a621e3b04b4daf42.jpg
1075539_group_002,Pool Shoes,Beige,https://image.hm.com/assets/hm/ec/b7/ecb785ef7215e8302e3d62a30feb7bcdee5bbfca.jpg
1232484_group_001,Loose Fit Jersey Shorts,Black,https://image.hm.com/assets/hm/1e/8e/1e8ea9f57674b30a809dde5f10177d6ee596b9ec.jpg
1096385_group_001,Loose Jeans,Black,https://image.hm.com/assets/hm/d5/32/d5326eb2e11c690b755c34b6a4639854ffa0256f.jpg
1135006_group_002,Slim Fit Cotton Shirt,Black,https://image.hm.com/assets/hm/4e/08/4e082157e010d31b6fd37c07186d7884c40999aa.jpg
1136177_group_007,Regular Fit Linen-blend Pants,Black,https://image.hm.com/assets/hm/a0/79/a07982b44457b8db98ece865ca16ceeef5c288e4.jpg
0965257_group_026,Regular Fit Linen-blend Shirt,Turquoise,https://image.hm.com/assets/hm/e7/b3/e7b31aff1944367889bd047a12c4f8e6147b7a54.jpg
1219097_group_005,Regular Fit Linen Shorts,Dark beige,https://image.hm.com/assets/hm/65/59/6559949f8eeae386530b24825d08d8a666efd524.jpg
1213473_group_007,Regular Fit Linen-blend Shirt,Dark blue,https://image.hm.com/assets/hm/19/d8/19d8f8f79047a467a1d36e7892aaa41d6122e5c5.jpg
1214949_group_002,Regular Fit Dressy Joggers,White,https://image.hm.com/assets/hm/be/50/be508fc7dcbe77574950cc4bd4396bee93000ca1.jpg
1164304_group_004,Linen Cap,Cream,https://image.hm.com/assets/hm/7a/de/7adee6f92ef13a2c1cc8bb221439b0cdbb4ba5b1.jpg
1234718_group_001,Regular Fit Pleat-detail Shorts,Black,https://image.hm.com/assets/hm/52/38/5238c89e756935d8b7318c55729fd19350d00dd8.jpg
1213473_group_008,Regular Fit Linen-blend Shirt,White/striped,https://image.hm.com/assets/hm/74/21/74212aa1d075066141c492e1252a1b893c6408d7.jpg
1228144_group_001,Slim Fit Cotton Pants,Black,https://image.hm.com/assets/hm/c8/02/c802d9e70ac24cdf7242f0bd4dd7cadad4a984f5.jpg
1119476_group_002,Sneakers,Light beige,https://image.hm.com/assets/hm/1e/43/1e43c5a94465e43c1566321ed5dd87266ae09bde.jpg
1220926_group_001,3-pack Necklaces,Silver-colored,https://image.hm.com/assets/hm/e5/d9/e5d9c2e2f0ea7fe9d0f87f3dc551dbb4ba2954c9.jpg
1137833_group_002,Regular Fit Textured-knit Resort Shirt,Black,https://image.hm.com/assets/hm/5f/23/5f236190edc773b1a8dc36301c12a29805674316.jpg
1127680_group_011,Regular Fit Chino Shorts,Beige,https://image.hm.com/assets/hm/dc/ca/dcca1716d69eca6142747067ce1f500d644760b0.jpg
1230414_group_001,Leather Slides,Black,https://image.hm.com/assets/hm/f1/0b/f10b5ae810c9df8ac21f15f57d5c19c3744c338a.jpg
1035679_group_016,Regular Fit Linen Pants,Dark sage green,https://image.hm.com/assets/hm/4a/f0/4af0d471d10fd46a832fb9ef81f523074161430f.jpg
1127680_group_003,Regular Fit Chino Shorts,Black,https://image.hm.com/assets/hm/c7/0b/c70baf9abeaab56f721d659ec559411578fb5789.jpg
0878987_group_034,Regular Fit Shorts,Navy blue,https://image.hm.com/assets/hm/55/c1/55c1f2ccae5d9980f8406ff16465332babe7a287.jpg
1207938_group_001,Slim Fit Polo Shirt,Black,https://image.hm.com/assets/hm/9d/4a/9d4a7f8e1c8b43998a6ed7f1714923466d8da4a7.jpg
1149605_group_003,Sunglasses,Dark brown,https://image.hm.com/assets/hm/98/a0/98a0c3881a0a406d5d4951b8cdcd66f9a051dd6d.jpg
1127523_group_015,Regular Fit Linen Shirt,Light beige,https://image.hm.com/assets/hm/f6/60/f6601815f8b3f32d84721a7012078988758f1f9a.jpg
1223110_group_002,Regular Fit Printed Resort Shirt,White/leaves,https://image.hm.com/assets/hm/ab/a3/aba34351fd0c144b2bedad5345cbf2294fa1c3b9.jpg
1223110_group_008,Regular Fit Printed Resort Shirt,Light beige/striped,https://image.hm.com/assets/hm/b2/7f/b27f34b42ff067078399f8424855f18300703c3c.jpg
1153494_group_003,Regular Fit Chino Shorts,Light gray-beige,https://image.hm.com/assets/hm/b1/a1/b1a10268794db3aa9e8f83e5622ca493f5a70a54.jpg
1013956_group_009,Regular Fit Oxford Shirt,Khaki green,https://image.hm.com/assets/hm/e0/91/e091d36cead2efe5cf4b3fd8bf96252e56ab79af.jpg
1219857_group_001,Regular Denim Shorts,Denim blue,https://image.hm.com/assets/hm/c7/35/c73511628400a0aaa54b534c5cb3f4406cb24c1f.jpg
1019838_group_026,Slim Fit Cotton Chinos,Dark blue,https://image.hm.com/assets/hm/c9/e4/c9e49a4a6b8250be8de65505c86f6e8de59c749d.jpg
0853284_group_002,Leather Sandals,Dark brown,https://image.hm.com/assets/hm/9b/ca/9bca4d02abb6163e53339229206f6179fed24303.jpg
1147816_group_006,Regular Fit Cotton Shorts,Beige,https://image.hm.com/assets/hm/6a/9b/6a9b3875e8f2b841e738b222f5aa09b001061240.jpg
1106189_group_002,Regular Fit Ripstop Cargo Pants,Khaki green,https://image.hm.com/assets/hm/3e/05/3e056c76e27b0b105087d54dd23d37713e9a41cd.jpg
1217827_group_001,Regular Fit Cargo Shorts,Black,https://image.hm.com/assets/hm/aa/f5/aaf55d9f387b300d99886dc5e78208472676f600.jpg
1209853_group_003,Regular Fit Short-sleeved Oxford Shirt,Light beige,https://image.hm.com/assets/hm/4e/10/4e10ad006c0ec793e0e1e01fe7a0564c20619dad.jpg
1217833_group_001,Regular Fit Linen Shorts,White,https://image.hm.com/assets/hm/5d/14/5d14d2d21d0233d661bd518060a7855024e227e7.jpg
1206601_group_003,Regular Fit Cargo Pants,Cream,https://image.hm.com/assets/hm/68/a7/68a77934361a5e12973023d9e230460cc2cdf8f6.jpg
1211757_group_002,Regular Fit Short-sleeved Shirt,Black,https://image.hm.com/assets/hm/c5/12/c5126a7c88db750847900ed1918e9d1765b0e497.jpg
1210038_group_006,Regular Fit Cropped Cotton Chinos,Khaki green,https://image.hm.com/assets/hm/63/be/63befacfa2d8ed37ee8fc219c96b38d479b77e48.jpg
1048567_group_043,Cotton Cap with Embroidery,Green/Fleurs,https://image.hm.com/assets/hm/22/b7/22b72b0b557a976cd5e5baa42780e697e15f2448.jpg
0957102_group_010,Muscle Fit Polo shirt,Beige,https://image.hm.com/assets/hm/6b/f9/6bf914d5a8e160aacf0047765de2f20941368eeb.jpg
1148016_group_006,Rectangular Sunglasses,Beige,https://image.hm.com/assets/hm/2f/cd/2fcd852b202b228a5236d92a0bb5b756b08b2323.jpg
1219434_group_001,Belt Bag,Black,https://image.hm.com/assets/hm/24/fe/24fe7b52f806d8d8e3dc66ce17235ae8530acc73.jpg
1037593_group_033,Regular Fit Cotton Shorts,Navy blue,https://image.hm.com/assets/hm/59/3d/593d73645ca7703bb8edf25212d40406c8f73edd.jpg
1216430_group_004,Loose Fit Short-sleeved Shirt,Blue/checked,https://image.hm.com/assets/hm/5c/11/5c11bb57984e567b388d36efc150838768699ed2.jpg
1228073_group_001,Loose Fit Parachute Pants,Black,https://image.hm.com/assets/hm/89/6f/896f2abf184924d97c90eb6f1583f6228439f15d.jpg
1217867_group_004,Loose Fit Twill Cargo Shorts,Navy blue,https://image.hm.com/assets/hm/88/29/882981acb69c221f17bef579d4f1e4a8834f2bd2.jpg
1228987_group_001,2-pack Rings,Silver-colored,https://image.hm.com/assets/hm/74/02/740276e458881cd354e203de99f208f07ea242af.jpg
1208010_group_001,Loose Fit Hole-knit T-shirt,Black,https://image.hm.com/assets/hm/ad/bf/adbf1285d164c300462399af00f6ae8fbdddd155.jpg
1217871_group_001,Loose Fit Chino Shorts,Black,https://image.hm.com/assets/hm/f6/4a/f64a7a429f538e783cfea9d17d22c2b15f90a36f.jpg
1174772_group_005,Sneakers,Navy blue,https://image.hm.com/assets/hm/cf/56/cf5687a4bfd58618b7d266f9786eca43c3764a7b.jpg
1228950_group_002,Oval Sunglasses,Light blue,https://image.hm.com/assets/hm/39/40/3940fd049f1eb8525e760969cf7a4437b92f8a5e.jpg
1048567_group_044,Cotton Cap with Embroidery,Purple/Love,https://image.hm.com/assets/hm/6e/f2/6ef2be5b50c430d7f934a6527e1a22117fdc4a73.jpg
1225147_group_001,Loose Fit Resort Shirt,Blue/patterned,https://image.hm.com/assets/hm/f7/e8/f7e8d973ff4463f10127930029775dd321b6fd2c.jpg
1219416_group_002,Cotton Bucket Hat,Denim blue,https://image.hm.com/assets/hm/71/d4/71d4a092021a514956c1658f5f3f64d78bb6fd2b.jpg
1228966_group_001,3-pack Necklaces,Black,https://image.hm.com/assets/hm/ab/84/ab845906f7a5e967d1d11f5330e8a87c9ecdea1a.jpg
1211585_group_006,Nylon Belt Bag,Beige,https://image.hm.com/assets/hm/8b/ba/8bba030ca05c5769edc812c0bbbe21f8d31d0938.jpg
1163268_group_003,Printed Canvas Tote Bag,White/Holidays,https://image.hm.com/assets/hm/8c/16/8c1617956a551a897b841d660ff41c827f5b0f69.jpg
1205476_group_004,Loose Fit Cargo Pants,Beige,https://image.hm.com/assets/hm/d9/39/d9399aadf3bb2f735417a7a771e4b4669b3de490.jpg
1064346_group_001,Regular Fit Linen-blend Pants,Cream,https://image.hm.com/assets/hm/a0/3e/a03eb34a8f55d25c6e0b9af5bb75449414786a28.jpg
1207944_group_003,Regular Fit Ribbed Polo Shirt,Taupe,https://image.hm.com/assets/hm/22/ba/22baf8fde4dc675a691ac5d80104452bd5bde89b.jpg
0685816_group_178,Regular Fit T-shirt,Light beige,https://image.hm.com/assets/hm/10/4b/104bdcdf26dcf7bd8a0355a16d35bffa54737999.jpg
1171307_group_009,Slim Fit Waffled Polo Shirt,Dark taupe,https://image.hm.com/assets/hm/3f/0f/3f0f4f172bba21487f9d0f48d0186b48bb4163f2.jpg
1216851_group_003,5-pack Regular Fit T-shirts,Pale green,https://image.hm.com/assets/hm/8a/13/8a13970dcaf8a6d17d62094fa3ad9d9279a507bd.jpg
0956308_group_047,Regular Fit Sweatshorts,Dark taupe,https://image.hm.com/assets/hm/12/3e/123eea3a28740a5a2b29cf091601d058b1de3e1a.jpg
0967955_group_076,Loose Fit Printed T-shirt,White/The Soul's Garden,https://image.hm.com/assets/hm/c5/d8/c5d8c1994e729132504447e961600a984af87e38.jpg
1129749_group_005,Regular Fit Windbreaker,Dark gray,https://image.hm.com/assets/hm/a2/16/a2160d4d366a46e48bec7bdda62b87cd687e39f4.jpg
1224295_group_001,Regular Fit Sweatshorts,Black,https://image.hm.com/assets/hm/85/fc/85fc7dc3e4751439d8b28e770db273dfc7266f95.jpg
1064346_group_018,Regular Fit Linen-blend Pants,Dark beige,https://image.hm.com/assets/hm/b2/20/b220473edd6e88b0285d124061a24548e20ffdba.jpg
1158014_group_006,Slim Fit Ribbed Tank Top,Black,https://image.hm.com/assets/hm/c1/2a/c12a71d4223049325463e8858352d9c88e5d1590.jpg
0945169_group_001,2-pack Regular Fit Sweatshorts,Black/gray melange,https://image.hm.com/assets/hm/b0/d4/b0d496c628374619946854f3466bdf4bb3290f39.jpg
0967955_group_078,Loose Fit Printed T-shirt,Black/espresso,https://image.hm.com/assets/hm/85/95/8595052c64d05e77ca41b18a8a8302c489563429.jpg
1216851_group_001,5-pack Regular Fit T-shirts,Black,https://image.hm.com/assets/hm/6d/59/6d595c93d81898625b3a77324565626c0d7325be.jpg
0967955_group_090,Loose Fit Printed T-shirt,Light beige/Aloha,https://image.hm.com/assets/hm/52/41/52417fc6f96e74015005f0c86cbf44d92f6ffa71.jpg
0970819_group_001,Loose Fit Hoodie,Black,https://image.hm.com/assets/hm/60/62/60629c6b2c3c690c247a6b1bff2d4541f4155d0c.jpg
0685816_group_229,Regular Fit T-shirt,Dark gray,https://image.hm.com/assets/hm/38/06/380609a19cfd897b634bfea723a83df777092531.jpg
1034065_group_080,Loose Fit Printed T-shirt,Cream/Visions,https://image.hm.com/assets/hm/85/58/8558cfabea733582a5c6c7effc56307c683b96ac.jpg
0685816_group_185,Regular Fit T-shirt,Dark blue,https://image.hm.com/assets/hm/fd/ab/fdab7c354797bac6536436f6a399f028e20717b4.jpg
0684021_group_211,Regular Fit Printed T-shirt,Black/Shush!,https://image.hm.com/assets/hm/a0/c7/a0c7bf927eed1e659b239df357283b0443f60ee9.jpg
0956308_group_048,Regular Fit Sweatshorts,Light gray melange,https://image.hm.com/assets/hm/9d/65/9d65c852894ca19e49f9eca97b02306997041a76.jpg
1185381_group_002,Curvy Fit Wide Regular Jeans,Black,https://image.hm.com/assets/hm/46/c2/46c2b775b916dce1b235f783ab2dbefec42f06d3.jpg
1185381_group_004,Curvy Fit Wide Regular Jeans,White,https://image.hm.com/assets/hm/7c/cc/7ccc499410cbd244febd5aa9719b501e8767d61e.jpg
1144208_group_008,High Waist Denim Shorts,White,https://image.hm.com/assets/hm/a4/a1/a4a1bcdf61107d3345605c46e6e331f3a2451445.jpg
1185381_group_001,Curvy Fit Wide Regular Jeans,Light denim blue,https://image.hm.com/assets/hm/a0/cf/a0cf02626bf53a7161903d018629198a9e864ba4.jpg
1138003_group_011,Linen-blend Pull-on Pants,Rust red,https://image.hm.com/assets/hm/4a/a8/4aa8b535290423e5d539bb7001aa0ed556f0c248.jpg
1142908_group_008,Fitted T-shirt,White,https://image.hm.com/assets/hm/8f/de/8fde102f6f0a8876d27ad79c145302727fb4620d.jpg
1217576_group_004,Tie-belt Shirt Dress,White/blue floral,https://image.hm.com/assets/hm/e5/be/e5be839de6c30a3d4773b367098a6ec4111f80ac.jpg
0971104_group_005,Crop Pull-on Pants,Black,https://image.hm.com/assets/hm/15/51/15517eed63ea6dc2b809819dd49f750cbd6e048d.jpg
0882925_group_002,Ribbed Tank Top,White,https://image.hm.com/assets/hm/b8/09/b80934e65e17b0650a618fef09fa9e0ebbcb5eed.jpg
0971104_group_028,Crop Pull-on Pants,Light beige,https://image.hm.com/assets/hm/02/2f/022ff59c7a9a0c42aec926fe76b95250a716542b.jpg
1204900_group_001,Oversized Linen Shirt,White,https://image.hm.com/assets/hm/e3/05/e3055a60d07eb2b043f07e95189f5cc175f00bdb.jpg
0971104_group_027,Crop Pull-on Pants,Rust red,https://image.hm.com/assets/hm/ac/4a/ac4a5e96d01897b706feb8c1a781abf733f911e8.jpg
1206077_group_001,Linen Shirt,White,https://image.hm.com/assets/hm/82/1b/821b2868e74cf3c14a2136b064eed4bffd4bdf8b.jpg
0882925_group_001,Ribbed Tank Top,Black,https://image.hm.com/assets/hm/e5/95/e595412811c12209c7f4e125ca9e791123f68b7e.jpg
1214786_group_004,Viscose Tunic Dress,Black/patterned,https://image.hm.com/assets/hm/fc/11/fc1120ed0bcaca0af81d050655932e1e9ff1312a.jpg
1216689_group_003,Linen Shirt Dress,Black/patterned,https://image.hm.com/assets/hm/4d/eb/4debb196c041d5bbba924eaddd8f368008703e13.jpg
1229587_group_001,Dress with Macramé Belt,Blue/patterned,https://image.hm.com/assets/hm/99/06/9906432061135e34cb40d53bb7bcc0bfef2c7314.jpg
1204900_group_002,Oversized Linen Shirt,Navy blue/striped,https://image.hm.com/assets/hm/c7/34/c734c59b4809f0454cd4de5cce0d578b01637a04.jpg
1218298_group_001,Drawstring-detail Dress,Blue/patterned,https://image.hm.com/assets/hm/e8/f4/e8f4537e7a2fe3d892d3d2ad8a0dc9a991f5e97b.jpg
1225776_group_001,Linen-blend Maxi Skirt,Green/floral,https://image.hm.com/assets/hm/6e/ae/6eae9b7a0deda1aef70e81f01e71a1a4a4f36cf0.jpg
1138003_group_003,Linen-blend Pull-on Pants,Black,https://image.hm.com/assets/hm/6d/9f/6d9f618c534bcc7f895242c3fd608760afdc84cb.jpg
1138003_group_002,Linen-blend Pull-on Pants,Light beige,https://image.hm.com/assets/hm/e9/f4/e9f4f07c6019fda7fb44d5a5eff3c1faa90fdeae.jpg
0963662_group_001,Cotton T-shirt,White,https://image.hm.com/assets/hm/06/54/06545ac0f4883fd932ccb9d2a8178201919742d3.jpg
0963662_group_002,Cotton T-shirt,Black,https://image.hm.com/assets/hm/b3/d0/b3d045a44b5cb2dedc2a1fb3bc6960e932b83f09.jpg
1138003_group_001,Linen-blend Pull-on Pants,White,https://image.hm.com/assets/hm/28/32/28323d43b7e331167970eae786fcd2ac3df5d281.jpg
0751471_group_001,Slacks,Black,https://image.hm.com/assets/hm/14/19/141961c59bc644f446a992018fb010550b005fa1.jpg
1206077_group_002,Linen Shirt,Light beige,https://image.hm.com/assets/hm/c2/52/c252884b5c7f2b783963b58a0f5ad49aec1128a4.jpg
1206248_group_012,Ribbed Tank Top,Cream/black,https://image.hm.com/assets/hm/7f/57/7f57c10f79edb3af3c28072f2f39084f5c60bae1.jpg
1137208_group_004,Oversized T-shirt,Black,https://image.hm.com/assets/hm/2a/7e/2a7e4c8d4ce213db442da52c611c45e73b4dc7a7.jpg
1230953_group_001,Slip Dress,Black/floral,https://image.hm.com/assets/hm/5a/59/5a592aff99fe71237d113bf46de0caca5b3271d3.jpg
1217947_group_003,Smocked-bodice Dress,Cream/floral,https://image.hm.com/assets/hm/13/c2/13c264ff651187a9f352e832cf1734c3fdee4a6d.jpg
1211993_group_002,Linen-blend Pants,Light beige,https://image.hm.com/assets/hm/3a/2f/3a2f7d934763290ca967d9017ef90f2cf5c09d0c.jpg
1202826_group_003,Gathered Corset-style Top,Cream,https://image.hm.com/assets/hm/d5/be/d5be02ff60b33be80599d89baf6b62dc003ee692.jpg
1202784_group_014,Linen-blend shirt,Cream,https://image.hm.com/assets/hm/4e/d1/4ed1f487de273abc3fcb6e92dab525136f2f5490.jpg
1215550_group_002,Pull-on Linen Shorts,Natural white,https://image.hm.com/assets/hm/83/e5/83e5bd41ab7fa5788e18aa307b704c25bf725f8c.jpg
1229251_group_001,Fine-knit A-line Dress,Black/cream,https://image.hm.com/assets/hm/62/38/6238f68d8aceb7b68e40a2e95153a6bcd2b239a6.jpg
1216644_group_001,Tie-detail Easy-wear Dress,Cream,https://image.hm.com/assets/hm/d3/cc/d3cce7b8867a62e2bb98f7b1a5db9913c7a67768.jpg
1142908_group_040,Fitted T-shirt,Light taupe,https://image.hm.com/assets/hm/7b/99/7b992190dc9cb6205fa41e4244ec669200c8f1e0.jpg
1198284_group_030,Oversized Printed T-shirt,Light gray/Coca-Cola,https://image.hm.com/assets/hm/69/2e/692e910dbde40c99844dffa490c011922153dc18.jpg
1210630_group_001,Fitted T-shirt,Black,https://image.hm.com/assets/hm/74/e7/74e7e5c1d63f37795f7f1b97e58757b9de3daecf.jpg
1225331_group_002,Drawstring-detail Dress,Black/floral,https://image.hm.com/assets/hm/4c/db/4cdb773146dc95434dd9af66b8f5a6f974968680.jpg
1210630_group_003,Fitted T-shirt,Light taupe,https://image.hm.com/assets/hm/54/8d/548dcb2c9d47536b6f95d8afd0b4883bae0bb1dc.jpg
1202784_group_006,Linen-blend shirt,Light beige,https://image.hm.com/assets/hm/3a/39/3a39ce711a7dad5855529949b24674b8ae760553.jpg
1228879_group_001,One-shoulder Thong Bodysuit,Black,https://image.hm.com/assets/hm/08/e6/08e68e32a4f4691efb70a8d69cd15355b79e1d48.jpg
1204752_group_011,Mom Ultra High Denim shorts,Light denim blue,https://image.hm.com/assets/hm/e4/cf/e4cfa94d0c53a2b6f65bc720189bd39d097f7075.jpg
1214786_group_007,Viscose Tunic Dress,White/blue floral,https://image.hm.com/assets/hm/a3/73/a3734ae0254811a474eafc19a245abc2769d963d.jpg
1063563_group_020,Linen-blend Pull-on Pants,Cream/striped,https://image.hm.com/assets/hm/91/1c/911c00bff4185ee16d867fbcfb3c9dd8a55081a2.jpg
0877769_group_041,Wide-leg Pants,White,https://image.hm.com/assets/hm/d0/4c/d04ce3f8a30a3dc1d82f21422e1895cb874e6cfa.jpg
1027844_group_043,Linen-blend Shirt,Blue/white striped,https://image.hm.com/assets/hm/7c/b5/7cb5798dd56d201fcdbfe80e28ff4730156129ce.jpg
1063563_group_001,Linen-blend Pull-on Pants,White,https://image.hm.com/assets/hm/7f/88/7f881797fd82dc8a9cbbc75c4ce03b88419e05af.jpg
1063563_group_002,Linen-blend Pull-on Pants,Black,https://image.hm.com/assets/hm/6b/44/6b443a4d8cc6ca246e6cd14ab5fc93c3952fbb07.jpg
1204752_group_008,Mom Ultra High Denim shorts,Light denim blue,https://image.hm.com/assets/hm/34/93/3493d3eb3793c4b3c322c3d4753aa91d63af765a.jpg
1211595_group_005,Cotton T-shirt,Light beige,https://image.hm.com/assets/hm/a2/63/a2639c2ee20a45c3df369feada070334a6d57ce3.jpg
1225552_group_001,Knee-length Shorts,Black,https://image.hm.com/assets/hm/79/d6/79d699155b4fa4c81d707042cad93e632990cda6.jpg
0882925_group_062,Ribbed Tank Top,Dark gray,https://image.hm.com/assets/hm/f2/04/f2041a5548a5e6b159f9a75a8fef8b8c05e6837b.jpg
1204761_group_006,Feather Soft Denim Shirt,Pale denim blue,https://image.hm.com/assets/hm/e5/2c/e52c5b6f1887f4bfb80a8a70f9b9d0a159e9868d.jpg
1213465_group_001,DryMove™ Sports Bike Shorts with Pocket,Black,https://image.hm.com/assets/hm/7c/c5/7cc5c2b55df1bebed24ea568515ca7937bb7e09b.jpg
1163560_group_039,Printed T-shirt,White/Biarritz,https://image.hm.com/assets/hm/f2/6d/f26d6c2f5e276ad1c9410db44049674b204d6e52.jpg
1211993_group_001,Linen-blend Pants,Black,https://image.hm.com/assets/hm/09/99/0999ec3a5a5d6d85ebefc6944ce02af238b5ce57.jpg
0841434_group_038,Cotton T-shirt Dress,Light gray melange,https://image.hm.com/assets/hm/34/1b/341b0ec61bc282af0de742fd9c9f38c8b137a41f.jpg
1217790_group_002,Tie-detail Dress,White/floral,https://image.hm.com/assets/hm/4b/01/4b014b7d8eca9a27e157e0cdbdf21f16afab62f9.jpg
1224910_group_001,Linen-blend Pull-on Shorts,Black,https://image.hm.com/assets/hm/05/21/05215b833ee30c6f5f3779d36bf3009b7a0aeb4d.jpg
1220490_group_002,Regular Denim Shorts,Light denim blue,https://image.hm.com/assets/hm/37/06/37068d7bcd0931edf3b81f8498f0e5fc11b36ff6.jpg
1202783_group_002,Linen-blend Shirt,Black,https://image.hm.com/assets/hm/03/ad/03ada493b0381a5c4b7b653ea66c70f03d3d8150.jpg
1202784_group_009,Linen-blend shirt,Gray,https://image.hm.com/assets/hm/46/c9/46c92ef5ce2c970b94a9ac036a9836a2e3532584.jpg
1228202_group_001,A-line Skirt,Black,https://image.hm.com/assets/hm/b2/5a/b25a7a3140dcbf2d41f515008cef5f70671eeeb5.jpg
1222893_group_001,Knot-detail Espadrille Sandals,Light beige,https://image.hm.com/assets/hm/82/38/8238e76994cb9360d0ec45e58022391d04cc9a24.jpg
1204752_group_009,Mom Ultra High Denim shorts,Black,https://image.hm.com/assets/hm/d9/68/d968fb5ee1912c680684ddaa63c5cfe662ee3fbb.jpg
1202783_group_001,Linen-blend Shirt,White,https://image.hm.com/assets/hm/ed/be/edbe6debc9d16480d1333358616d0f9e12a4afa1.jpg
1214786_group_001,Viscose Tunic Dress,Black,https://image.hm.com/assets/hm/1c/34/1c34219190076d08e48da4698c11334df3303f8d.jpg
1049251_group_001,Crop Tank Top,Black,https://image.hm.com/assets/hm/6c/00/6c002d7f2e9bd8f2e4b6f26c54b9246d2cef0c28.jpg
1216622_group_001,Ribbed Bandeau Dress,White/striped,https://image.hm.com/assets/hm/80/36/803627ac7030ffa27336ca582a8c5f99f9d2764d.jpg
1229305_group_001,Belted Pull-on Shorts,Black,https://image.hm.com/assets/hm/f2/50/f250a2c7c65d444262eb0adebd42bdd8344df87f.jpg
1225342_group_002,Tie-belt Shirt Dress,Light blue/striped,https://image.hm.com/assets/hm/4c/65/4c6567dade87093184ac4efa048e5d8ead760740.jpg
1214235_group_002,Baggy Low Jeans,Denim blue,https://image.hm.com/assets/hm/92/27/9227919420d83c691baaf37412ec9f6f7dbed20c.jpg
1206628_group_016,Oversized Printed T-shirt,Natural white/The Beatles,https://image.hm.com/assets/hm/47/18/4718b5f80c61e6a5312c27990628f4327be76f71.jpg
1242393_group_004,Ribbed Button-top Tank Top,Cream/striped,https://image.hm.com/assets/hm/c0/fd/c0fd08c1e4e4fb8c90aa5d8aa7354bdbb99616a0.jpg
1226695_group_002,Rib-knit Bodycon Dress,Light beige,https://image.hm.com/assets/hm/1c/b2/1cb294220814a7a33eccaf3e8d3944dd99d4bc3f.jpg
1206628_group_009,Oversized Printed T-shirt,Dark gray/Nirvana,https://image.hm.com/assets/hm/82/26/822607a62958556ec17427efe40248d4e32c4359.jpg
1214568_group_002,Wide High Ankle Jeans,Medium denim blue,https://image.hm.com/assets/hm/42/69/4269babee76ad0050c815148ca5711145432bef3.jpg
1224942_group_003,Dressy Linen-blend Shorts,Light beige,https://image.hm.com/assets/hm/02/d2/02d2f812b9b2af25be923ad49d916589240c9fc2.jpg
1027844_group_047,Linen-blend Shirt,Yellow/striped,https://image.hm.com/assets/hm/a9/8a/a98a3d2d8962258616d548e20bf9f013183a63c0.jpg
1122102_group_010,Cotton Shirt,White/striped,https://image.hm.com/assets/hm/13/47/134773f04d47786cebe535396108ec97ee230654.jpg
1214338_group_001,Crinkled Cotton Shirt,White,https://image.hm.com/assets/hm/55/b0/55b05f2a35823613904efed4d25c39f996100927.jpg
1198284_group_015,Oversized Printed T-shirt,White/The Smashing Pumpkins,https://image.hm.com/assets/hm/ea/30/ea30a5999c766e0fa2021e90d71c742e4b2f14a5.jpg
1213470_group_001,DryMove™ Tennis Circle Skirt,Black,https://image.hm.com/assets/hm/cb/41/cb4165012029830af71186a68fe89ca0f8f9343d.jpg
0841434_group_039,Cotton T-shirt Dress,White/black striped,https://image.hm.com/assets/hm/66/0e/660e5809ecc53218f030e354e014ea5e8326a760.jpg
1216814_group_001,Tie-shoulder-strap Smocked Dress,Black,https://image.hm.com/assets/hm/9f/d0/9fd03298215961cf505bf59db69f89140ba973c0.jpg
1173636_group_003,Pajama Shirt and Shorts,Light khaki green,https://image.hm.com/assets/hm/11/0a/110a244cd675c670f46e8e62e15b5b75e94b9f31.jpg
1225817_group_002,Puff-sleeved Blouse,White,https://image.hm.com/assets/hm/a9/36/a93695ab56664834c446ce376065e202049e6730.jpg
1226698_group_001,Knit Shorts,Light beige,https://image.hm.com/assets/hm/76/6b/766be29a431e43879aacdca5cd86465fcf78fd60.jpg
1206628_group_008,Oversized Printed T-shirt,Pink/Soundgarden,https://image.hm.com/assets/hm/d7/c0/d7c02608a2edc578458dcb54677914d7b6efb14f.jpg
1226439_group_005,Ribbed Tank Top,White/black striped,https://image.hm.com/assets/hm/27/3c/273c4caaf8aa78711406889c6267a6fafecab4a7.jpg
1204761_group_001,Feather Soft Denim Shirt,Light denim blue,https://image.hm.com/assets/hm/80/18/80182d0e1cf8836d120918120a75b8b56faa6b62.jpg
1202831_group_004,Drawstring-detail Camisole Top,Black,https://image.hm.com/assets/hm/57/7d/577db18375f4e763a456aea9a0bf97b6723eb763.jpg
1224117_group_001,Linen-blend Shorts,Black,https://image.hm.com/assets/hm/2c/23/2c23440b61a9ca562985c77cb5b9e2656d457e86.jpg
1164047_group_016,Jersey Shorts,Cream/black striped,https://image.hm.com/assets/hm/14/ef/14ef8f4b79fefd045b5c9874f35fb3884dd4a1b5.jpg
1216321_group_003,Linen-blend Pull-on Pants,Light gray,https://image.hm.com/assets/hm/0e/c1/0ec10f5728c42685f8228e5e3a17f076f6eb8b62.jpg
1216622_group_005,Ribbed Bandeau Dress,Black,https://image.hm.com/assets/hm/d6/bf/d6bf2b3c1369fdbc60a691599b88185a0c21231a.jpg
1228205_group_004,Bodysuit with Extra-narrow Shoulder Straps,White/striped,https://image.hm.com/assets/hm/55/7c/557c60c711559b10f05ffcfea4d69e5e96e9090e.jpg
1219107_group_003,Linen Shirt,Blue/white striped,https://image.hm.com/assets/hm/d8/a5/d8a5a6f920cd6e84561de2a49968cb1fa4cca753.jpg
1202783_group_003,Linen-blend Shirt,Light beige,https://image.hm.com/assets/hm/de/15/de151e50a34f08381dd8dd99a06f56a5a3a07f3f.jpg
1152096_group_035,Sweatshorts,Dark gray,https://image.hm.com/assets/hm/0e/5e/0e5e2ed5940d4678473d6a683070c9b1f662c2db.jpg
1208965_group_001,Sneakers,White/light beige,https://image.hm.com/assets/hm/b5/5b/b55befe5d14745e38419c28f070382d95b01d472.jpg
0877769_group_001,Wide-leg Pants,Black,https://image.hm.com/assets/hm/6b/05/6b05adb9b354cf3b2517b3b333feae39ca66ebfd.jpg
1222706_group_001,Linen-blend Pull-on Shorts,Black,https://image.hm.com/assets/hm/a6/4e/a64ea8b270baca2ae6ef2311c2ea2b4d58465cd2.jpg
1218260_group_004,Flared Mini Skirt,White,https://image.hm.com/assets/hm/53/ed/53ed421f21e22043137eb9c208fe402a6cb9574d.jpg
1204765_group_001,Feather Soft Denim Skirt,Light denim blue,https://image.hm.com/assets/hm/af/ad/afad9dccb646e0c350034918b65c28c58ff62f94.jpg
1220489_group_003,Skinny High Denim Shorts,Black/washed,https://image.hm.com/assets/hm/66/29/6629511f5b8f6636e9462438f24df3dd32b1605c.jpg
1224910_group_002,Linen-blend Pull-on Shorts,Cream,https://image.hm.com/assets/hm/bb/ad/bbad7a60f2d9d69dd4c58d4a54bd86f87512cb75.jpg
1230483_group_001,SoftMove™ Sports Hot Pants,Black,https://image.hm.com/assets/hm/79/b9/79b9a050f730058ce21b8d4aaf02f871cac3d56f.jpg
1240007_group_001,Picot-trimmed Jersey Dress,Black,https://image.hm.com/assets/hm/fe/08/fe0862e8ebcce0f80b7dd10eb5c836490c3053a1.jpg
1228859_group_001,Ribbed Jersey Dress,Black,https://image.hm.com/assets/hm/03/58/03581069138cffceceb7ffc17e1e91f072a88117.jpg
1199187_group_002,Slim Straight High Jeans,Light denim blue,https://image.hm.com/assets/hm/80/a8/80a85007ce6176ee82ec9c21a1a30719cec15bd3.jpg
1152096_group_001,Sweatshorts,Black,https://image.hm.com/assets/hm/24/f1/24f170e07b4b92d0576bdc28870cf6388630535f.jpg
1204752_group_006,Mom Ultra High Denim shorts,Black,https://image.hm.com/assets/hm/ed/47/ed47ea92a6130e9b24f6ddc080bd85f66b958316.jpg
1229166_group_002,Dress with Eyelet Embroidery,Dark khaki green,https://image.hm.com/assets/hm/5a/f9/5af9649353aae625db10b3fbd13d52a83f77ae22.jpg
1218506_group_003,Linen-blend Sleeveless Shirt,White/blue striped,https://image.hm.com/assets/hm/d2/48/d248c256a3e2aa61dbec6465d70995f8d0e45957.jpg
1207443_group_012,Printed T-shirt,Black/Nine Inch Nails,https://image.hm.com/assets/hm/bd/8e/bd8e49c7c40a37082b6bc6337dc5148ec7891ab1.jpg
1202862_group_002,Open-back Poplin Shirt,White,https://image.hm.com/assets/hm/16/ac/16ac8dbb2e486d76cd21e42630b9bc3dcf8770be.jpg
1219107_group_002,Linen Shirt,White,https://image.hm.com/assets/hm/d9/51/d9511b4b4b5677df45acd49f98c0d2143f76d4f0.jpg
1220264_group_002,Straw Hat,Beige,https://image.hm.com/assets/hm/49/8b/498b47dda3c51c4b19e3c1f62e36d60f945ef052.jpg
1231904_group_003,Block-heeled Sandals,Dark brown,https://image.hm.com/assets/hm/eb/25/eb257f9f6ed00c5e1e4e7af964a26d88fdb47005.jpg
1107360_group_001,Wide-leg Twill Pants,Black,https://image.hm.com/assets/hm/f2/3f/f23ff635b17ebb67292070c36e40cc8bfbb96665.jpg
1226698_group_002,Knit Shorts,Black,https://image.hm.com/assets/hm/b3/6d/b36d1f8a08d3782f0c5baba2190f848a1612732d.jpg
1220489_group_001,Skinny High Denim Shorts,Denim blue,https://image.hm.com/assets/hm/97/32/97322909222b23ab312f549231261025c77eebf8.jpg
1233566_group_001,Blouse with Eyelet Embroidery,White,https://image.hm.com/assets/hm/b7/1a/b71a8d917abeb5cc45de935f4a8f4ecd060dcaa2.jpg
1204755_group_001,Bermuda Baggy High Denim Shorts,Dark denim blue,https://image.hm.com/assets/hm/f6/86/f6862c7addc7913db4f2c5d1df29f469ebcd0707.jpg
1145316_group_003,Linen-blend Tapered Pants,White,https://image.hm.com/assets/hm/6b/67/6b6739f80cf2dd107e634547c68640c09ca770bc.jpg
1224180_group_002,Tie-belt Balloon-sleeved Dress,Black,https://image.hm.com/assets/hm/15/24/152486114932af8c413fa234a3b22acb18455e77.jpg
1203810_group_004,Twill Cargo Pants,Khaki green,https://image.hm.com/assets/hm/de/c6/dec60a39e4f5321ece09e4551684b6a396fdeb66.jpg
1208392_group_001,Denim Shirt,Light denim blue,https://image.hm.com/assets/hm/a3/cf/a3cf093674e92aa7d2777daab403570f287b0220.jpg
1218260_group_005,Flared Mini Skirt,White/floral,https://image.hm.com/assets/hm/76/14/761486c223d26575dfd4e121d1d5acd0fa7fda30.jpg
1216623_group_001,Embroidered A-line Dress,Black,https://image.hm.com/assets/hm/e1/73/e173ffb8a418e192e43ccf3fe24c54d6cab44f43.jpg
1204909_group_004,Cap-sleeved Blouse,Blue/patterned,https://image.hm.com/assets/hm/f7/c5/f7c5032880dabc9e88ce711727d820a8d4d8fee0.jpg
1221686_group_001,Tiered Skirt with Eyelet Embroidery,Black,https://image.hm.com/assets/hm/72/1e/721e83822c4866294f5bfb1be1a16d667a37fa4e.jpg
1214173_group_002,Linen-blend Pull-on Shorts,Beige,https://image.hm.com/assets/hm/b6/2a/b62aab64ff1d2c6f083896464625375bad406ef5.jpg
1216321_group_002,Linen-blend Pull-on Pants,Cream,https://image.hm.com/assets/hm/96/91/9691eedb28fdc55d06d5109c34a7ef0d4518048c.jpg
1224910_group_008,Linen-blend Pull-on Shorts,Light blue,https://image.hm.com/assets/hm/4c/72/4c72b4d97dc6be03b33d7fcb165040b45ae3e794.jpg
1216814_group_009,Tie-shoulder-strap Smocked Dress,Cream,https://image.hm.com/assets/hm/1d/f2/1df2b9216a4397118d300a802bdc0ea3410ce0d8.jpg
1233325_group_001,Linen-blend Smocked Top,White/floral,https://image.hm.com/assets/hm/36/e4/36e42474e55606bf1de00ce6a4c6b0d5d2593d62.jpg
1207443_group_008,Printed T-shirt,White/The Beatles,https://image.hm.com/assets/hm/d4/52/d4521f810835eb8527a496fa5578a9f11f367d48.jpg
1123621_group_012,DryMove™ Sports Crop Top,Dark khaki green,https://image.hm.com/assets/hm/3c/77/3c773c04e5d24a5d49e0ef53a4ad15555b00c25e.jpg
1167338_group_021,Crêped Skirt,Black,https://image.hm.com/assets/hm/72/5a/725ac71d89428150a57a305c2ab4f19f835005c4.jpg
1223510_group_001,Sequined Mesh Top,Light beige,https://image.hm.com/assets/hm/c0/90/c09053de03df8177985e5eb405cbe0a0889fd465.jpg
0966969_group_001,Lace-trimmed Camisole Top,Black,https://image.hm.com/assets/hm/2e/c6/2ec6f493c4ff18a73b472f1506d772fc11d377e4.jpg
1123621_group_021,DryMove™ Sports Crop Top,White,https://image.hm.com/assets/hm/36/c2/36c2eba5ccb691f62cd18beb8e1b8da7db1b5665.jpg
1223577_group_003,DryMove™ Mesh Sports T-shirt,Unbleached,https://image.hm.com/assets/hm/09/ef/09ef6d9314aba10949f2cd1a3dc35b89bb1c4505.jpg
1224942_group_002,Dressy Linen-blend Shorts,Black,https://image.hm.com/assets/hm/f1/2c/f12c116c80a6fe9f88ceeac421814d1bcab7e0b5.jpg
1204764_group_002,Denim Skirt,Light denim blue,https://image.hm.com/assets/hm/07/32/07325423d08ea15af45a51cf00c7f333ef2aef65.jpg
1166415_group_005,3-pack T-shirts,Light beige/white/black,https://image.hm.com/assets/hm/f9/5e/f95e9403bfeca81f4f5bdaee01d798fc4637dfb3.jpg
1216622_group_002,Ribbed Bandeau Dress,Cream,https://image.hm.com/assets/hm/8a/e5/8ae5f67b4774dd43f3830dbeb8196200d29194f1.jpg
1214440_group_001,DryMove™ Double-layered Running Shorts,Black,https://image.hm.com/assets/hm/25/63/2563815ac93cd651c6727de876e08a66beac4ddc.jpg
1224472_group_001,Linen-blend T-shirt,Light khaki green,https://image.hm.com/assets/hm/f3/40/f340327f629086749eecab6a9a3bef206f60b272.jpg
1204752_group_010,Mom Ultra High Denim shorts,White,https://image.hm.com/assets/hm/70/4c/704caf3dbf08b9a3bede763d4f8dfa579f46de1e.jpg
1216814_group_007,Tie-shoulder-strap Smocked Dress,Cream/striped,https://image.hm.com/assets/hm/9b/09/9b09c74d98394b19b3dc3f71f476363527d9f94d.jpg
1216623_group_002,Embroidered A-line Dress,Cream,https://image.hm.com/assets/hm/5f/42/5f42774fd2a2f67ec6a7f13b6577680646238a20.jpg
1225411_group_001,Frayed-edge Denim Vest,Light denim blue,https://image.hm.com/assets/hm/96/13/9613356f984697842f14191409928a51b650e5fd.jpg
0179950_group_028,Leather Belt,Brown,https://image.hm.com/assets/hm/d1/18/d118e21393e8f5386b5df573240ed8a2fc6ed397.jpg
1217048_group_001,Linen-blend Midi Dress,Green/floral,https://image.hm.com/assets/hm/fb/16/fb16af57ad053eb3b9f48a0bcefdddf481512e6f.jpg
1198284_group_013,Oversized Printed T-shirt,Light beige/Alice in Chains,https://image.hm.com/assets/hm/b1/da/b1da0e5bf06abdcd1f5eac52f3d427e66896782f.jpg
1226566_group_003,Tie-belt Crêpe Dress,Cream/floral,https://image.hm.com/assets/hm/37/1d/371de06edcef96058bdd0839772b30d7916c2851.jpg
1202768_group_005,Linen-blend Bustier Top,Cream,https://image.hm.com/assets/hm/05/97/0597528faf99c6cd643a5d84e765e6c468dc8388.jpg
0966969_group_001,Lace-trimmed Camisole Top,Black,https://image.hm.com/assets/hm/2e/c6/2ec6f493c4ff18a73b472f1506d772fc11d377e4.jpg
1213675_group_003,Wide-leg Linen-blend Pants,Navy blue/patterned,https://image.hm.com/assets/hm/cb/bb/cbbbb960cbd47149c0186a480dd899999aa15564.jpg
1219444_group_003,Block-heeled Sandals,Gold-colored,https://image.hm.com/assets/hm/8a/1a/8a1a863a1ea60ec1f66b31f9de5d0175b9bf11ba.jpg
1218625_group_002,Linen T-shirt,White/black striped,https://image.hm.com/assets/hm/2a/20/2a20a6e1d2608f6755f2554413eeb67ea3335a2a.jpg
1229208_group_001,Shoulder Bag,Brown,https://image.hm.com/assets/hm/10/c0/10c0b6901e804b2075466bbf1b3e72e7debd84d0.jpg
1219988_group_005,Tiered-skirt Smocked Dress,Light beige,https://image.hm.com/assets/hm/25/27/25274edfa74a15cd6f7697e6d264732c00e5b7a0.jpg
1219838_group_002,Linen-blend Midi Dress,Black/white striped,https://image.hm.com/assets/hm/9a/79/9a791d774758e9416fba1906bfc6d54f6ddc12af.jpg
1227766_group_004,DryMove™ Medium Support Sports Bra,Orange,https://image.hm.com/assets/hm/16/b5/16b533410fead9227ed434a6b590b3d12b442db5.jpg
1198431_group_012,Oversized Motif-detail T-shirt,Light beige/Cafe de Pompeii,https://image.hm.com/assets/hm/33/01/3301e3878d68b32697be32dc4dd01c00a42466d3.jpg
1240007_group_003,Picot-trimmed Jersey Dress,Cream/roses,https://image.hm.com/assets/hm/71/fa/71fa37845cc7b5fae1c0dad8139c5f8c6a660e30.jpg
1213659_group_003,Linen-blend Joggers,Khaki green,https://image.hm.com/assets/hm/78/08/780896fe7f8a92c8a59a956474b873e746dcf21a.jpg
1221408_group_002,Espadrille Sandals,Beige,https://image.hm.com/assets/hm/95/fe/95feb440e5422fad6aef10fb77a877309a184684.jpg
1228453_group_001,Microfiber Maxi Skirt,Black,https://image.hm.com/assets/hm/e1/92/e1923b96686c68f2aa6017832da29f9725df676e.jpg
0818600_group_001,Straw Hat,Beige,https://image.hm.com/assets/hm/9f/ce/9fce8e4e14c62e3dfc63e25ebffb0f5b59dcbabd.jpg
1210630_group_009,Fitted T-shirt,Dark gray,https://image.hm.com/assets/hm/46/55/46554b15cedc2392b500845a4260a8d0e76747e9.jpg
1203803_group_002,Canvas Cargo Pants,Black,https://image.hm.com/assets/hm/8c/76/8c766ad113d10a2b89006fa61dad2e618b7d9288.jpg
1219988_group_001,Tiered-skirt Smocked Dress,Black,https://image.hm.com/assets/hm/b0/f9/b0f9086531a2ed120dd8488d5da82a851fd6a51c.jpg
